suggested_keyword,violation_category,auto_negative_reason
bed bug inspection company,Prohibited_Pest,Bed bugs are strictly prohibited
bed bug inspection company,Prohibited_Pest,Bed bugs are strictly prohibited
bed bug inspection company,Prohibited_Pest,Bed bugs are strictly prohibited
bed bug inspection company,Prohibited_Pest,Bed bugs are strictly prohibited
bed bug inspection company,Prohibited_Pest,Bed bugs are strictly prohibited
bed bug inspection company,Prohibited_Pest,Bed bugs are strictly prohibited
bed bug inspection company,Prohibited_Pest,Bed bugs are strictly prohibited
bed bug inspection company,Prohibited_Pest,Bed bugs are strictly prohibited
bed bug inspection company,Prohibited_Pest,Bed bugs are strictly prohibited
bed bug inspection company,Prohibited_Pest,Bed bugs are strictly prohibited
termites outside,Low_Intent,Informational query lacking commercial intent
termites outside,Low_Intent,Informational query lacking commercial intent
termites outside,Low_Intent,Informational query lacking commercial intent
termites outside,Low_Intent,Informational query lacking commercial intent
termites outside,Low_Intent,Informational query lacking commercial intent
termites outside,Low_Intent,Informational query lacking commercial intent
termites outside,Low_Intent,Informational query lacking commercial intent
termites outside,Low_Intent,Informational query lacking commercial intent
termites outside,Low_Intent,Informational query lacking commercial intent
termites outside,Low_Intent,Informational query lacking commercial intent
termite kiosk,Low_Intent,Low intent retail or informational query
termites in firewood,Low_Intent,Informational query lacking service hire intent
termite kiosk,Low_Intent,Low intent retail or informational query
termites in firewood,Low_Intent,Informational query lacking service hire intent
termite kiosk,Low_Intent,Low intent retail or informational query
termites in firewood,Low_Intent,Informational query lacking service hire intent
termite kiosk,Low_Intent,Low intent retail or informational query
termites in firewood,Low_Intent,Informational query lacking service hire intent
termite kiosk,Low_Intent,Low intent retail or informational query
termites in firewood,Low_Intent,Informational query lacking service hire intent
termite kiosk,Low_Intent,Low intent retail or informational query
termites in firewood,Low_Intent,Informational query lacking service hire intent
termite kiosk,Low_Intent,Low intent retail or informational query
termites in firewood,Low_Intent,Informational query lacking service hire intent
termite kiosk,Low_Intent,Low intent retail or informational query
termites in firewood,Low_Intent,Informational query lacking service hire intent
termite kiosk,Low_Intent,Low intent retail or informational query
termites in firewood,Low_Intent,Informational query lacking service hire intent
termite kiosk,Low_Intent,Low intent retail or informational query
termites in firewood,Low_Intent,Informational query lacking service hire intent
pacific dampwood termite,Low_Intent,Informational pest species identification query
pacific dampwood termite,Low_Intent,Informational pest species identification query
pacific dampwood termite,Low_Intent,Informational pest species identification query
pacific dampwood termite,Low_Intent,Informational pest species identification query
pacific dampwood termite,Low_Intent,Informational pest species identification query
pacific dampwood termite,Low_Intent,Informational pest species identification query
pacific dampwood termite,Low_Intent,Informational pest species identification query
pacific dampwood termite,Low_Intent,Informational pest species identification query
pacific dampwood termite,Low_Intent,Informational pest species identification query
pacific dampwood termite,Low_Intent,Informational pest species identification query
spectracide terminate termite,Competitor_Brand,Retail product / brand bidding
spectracide terminate termite,Competitor_Brand,Retail product / brand bidding
spectracide terminate termite,Competitor_Brand,Retail product / brand bidding
spectracide terminate termite,Competitor_Brand,Retail product / brand bidding
spectracide terminate termite,Competitor_Brand,Retail product / brand bidding
spectracide terminate termite,Competitor_Brand,Retail product / brand bidding
spectracide terminate termite,Competitor_Brand,Retail product / brand bidding
spectracide terminate termite,Competitor_Brand,Retail product / brand bidding
spectracide terminate termite,Competitor_Brand,Retail product / brand bidding
spectracide terminate termite,Competitor_Brand,Retail product / brand bidding
lawn tick control near me,Prohibited_Pest,Ticks are not an accepted pest
lawn tick control near me,Prohibited_Pest,Ticks are not an accepted pest
lawn tick control near me,Prohibited_Pest,Ticks are not an accepted pest
lawn tick control near me,Prohibited_Pest,Ticks are not an accepted pest
lawn tick control near me,Prohibited_Pest,Ticks are not an accepted pest
lawn tick control near me,Prohibited_Pest,Ticks are not an accepted pest
lawn tick control near me,Prohibited_Pest,Ticks are not an accepted pest
lawn tick control near me,Prohibited_Pest,Ticks are not an accepted pest
lawn tick control near me,Prohibited_Pest,Ticks are not an accepted pest
lawn tick control near me,Prohibited_Pest,Ticks are not an accepted pest
bed bugs control services near me,Prohibited_Pest,Bed bugs are strictly prohibited
a termite,Low_Intent,Informational query lacking commercial intent
termites in garden soil,Low_Intent,Informational outdoor query without service intent
bed bugs control services near me,Prohibited_Pest,Bed bugs are strictly prohibited
a termite,Low_Intent,Informational query lacking commercial intent
termites in garden soil,Low_Intent,Informational outdoor query without service intent
bed bugs control services near me,Prohibited_Pest,Bed bugs are strictly prohibited
a termite,Low_Intent,Low-intent single noun query
termites in garden soil,Low_Intent,Informational garden query with non-structural intent
bed bugs control services near me,Prohibited_Pest,Prohibited pest: bed bugs
a termite,Low_Intent,Low-intent single noun query
termites in garden soil,Low_Intent,Informational garden query with non-structural intent
bed bugs control services near me,Prohibited_Pest,Prohibited pest: bed bugs
a termite,Low_Intent,Low-intent single noun query
termites in garden soil,Low_Intent,Informational garden query with non-structural intent
bed bugs control services near me,Prohibited_Pest,Prohibited pest: bed bugs
a termite,Low_Intent,Low-intent single noun query
termites in garden soil,Low_Intent,Informational garden query with non-structural intent
bed bugs control services near me,Prohibited_Pest,Prohibited pest: bed bugs
a termite,Low_Intent,Low-intent single noun query
termites in garden soil,Low_Intent,Informational garden query with non-structural intent
bed bugs control services near me,Prohibited_Pest,Prohibited pest: bed bugs
a termite,Low_Intent,Low-intent single noun query
termites in garden soil,Low_Intent,Informational garden query with non-structural intent
bed bugs control services near me,Prohibited_Pest,Prohibited pest: bed bugs
a termite,Low_Intent,Low-intent single noun query
termites in garden soil,Low_Intent,Informational garden query with non-structural intent
bed bugs control services near me,Prohibited_Pest,Prohibited pest: bed bugs
a termite,Low_Intent,Low-intent single noun query
termites in garden soil,Low_Intent,Informational garden query with non-structural intent
mosquito plants near me,Prohibited_Pest,Prohibited pest / retail plant product intent
mosquito plants near me,Prohibited_Pest,Prohibited pest / retail plant product intent
mosquito plants near me,Prohibited_Pest,Prohibited pest / retail plant product intent
mosquito plants near me,Prohibited_Pest,Prohibited pest / retail plant product intent
mosquito plants near me,Prohibited_Pest,Prohibited pest / retail plant product intent
mosquito plants near me,Prohibited_Pest,Prohibited pest / retail plant product intent
mosquito plants near me,Prohibited_Pest,Prohibited pest / retail plant product intent
mosquito plants near me,Prohibited_Pest,Prohibited pest / retail plant product intent
mosquito plants near me,Prohibited_Pest,Prohibited pest / retail plant product intent
mosquito plants near me,Prohibited_Pest,Prohibited pest / retail plant product intent
asian termites,Low_Intent,Informational biological species query
asian termites,Low_Intent,Informational biological species query
asian termites,Low_Intent,Informational biological species query
asian termites,Low_Intent,Informational biological species query
asian termites,Low_Intent,Informational biological species query
asian termites,Low_Intent,Informational biological species query
asian termites,Low_Intent,Informational biological species query
asian termites,Low_Intent,Informational biological species query
asian termites,Low_Intent,Informational biological species query
asian termites,Low_Intent,Informational biological species query
active termites,Low_Intent,Informational status query without service intent
advanced termite and home inspections,Competitor_Brand,Competitor brand bidding prohibited
termite png,Low_Intent,Image file search intent
termites reddit,Low_Intent,Informational forum research intent
active termites,Low_Intent,Informational status query without service intent
advanced termite and home inspections,Competitor_Brand,Competitor brand bidding prohibited
termite png,Low_Intent,Image file search intent
termites reddit,Low_Intent,Informational forum research intent
active termites,Low_Intent,Informational status query without service intent
advanced termite and home inspections,Competitor_Brand,Competitor brand bidding prohibited
termite png,Low_Intent,Image file search intent
termites reddit,Low_Intent,Informational forum research intent
active termites,Low_Intent,Informational status query without service intent
advanced termite and home inspections,Competitor_Brand,Competitor brand bidding prohibited
termite png,Low_Intent,Image file search intent
termites reddit,Low_Intent,Informational forum research intent
active termites,Low_Intent,Informational status query without service intent
advanced termite and home inspections,Competitor_Brand,Competitor brand bidding prohibited
termite png,Low_Intent,Image file search intent
termites reddit,Low_Intent,Informational forum research intent
active termites,Low_Intent,Informational status query without service intent
advanced termite and home inspections,Competitor_Brand,Competitor brand bidding prohibited
termite png,Low_Intent,Image file search intent
termites reddit,Low_Intent,Informational forum research intent
active termites,Low_Intent,Informational status query without service intent
advanced termite and home inspections,Competitor_Brand,Competitor brand bidding prohibited
termite png,Low_Intent,Image file search intent
termites reddit,Low_Intent,Informational forum research intent
active termites,Low_Intent,Informational status query without service intent
advanced termite and home inspections,Competitor_Brand,Competitor brand bidding prohibited
termite png,Low_Intent,Image file search intent
termites reddit,Low_Intent,Informational forum research intent
active termites,Low_Intent,Informational status query without service intent
advanced termite and home inspections,Competitor_Brand,Competitor brand bidding prohibited
termite png,Low_Intent,Image file search intent
termites reddit,Low_Intent,Informational forum research intent
active termites,Low_Intent,Informational status query without service intent
advanced termite and home inspections,Competitor_Brand,Competitor brand bidding prohibited
termite png,Low_Intent,Image file search intent
termites reddit,Low_Intent,Informational forum research intent
tick control companies near me,Prohibited_Pest,Tick control is not an approved pest service
residential mosquito control near me,Prohibited_Pest,Mosquito control is not an approved pest service
mechanical pest control,Low_Intent,Informational query regarding pest control methodology
tick control companies near me,Prohibited_Pest,Tick control is not an approved pest service
residential mosquito control near me,Prohibited_Pest,Mosquito control is not an approved pest service
mechanical pest control,Low_Intent,Informational query regarding pest control methodology
tick control companies near me,Prohibited_Pest,Tick control is not an approved pest service
residential mosquito control near me,Prohibited_Pest,Mosquito control is not an approved pest service
mechanical pest control,Low_Intent,Informational query regarding pest control methodology
tick control companies near me,Prohibited_Pest,Tick control is not an approved pest service
residential mosquito control near me,Prohibited_Pest,Mosquito control is not an approved pest service
mechanical pest control,Low_Intent,Informational query regarding pest control methodology
tick control companies near me,Prohibited_Pest,Tick control is not an approved pest service
residential mosquito control near me,Prohibited_Pest,Mosquito control is not an approved pest service
mechanical pest control,Low_Intent,Informational query regarding pest control methodology
tick control companies near me,Prohibited_Pest,Tick control is not an approved pest service
residential mosquito control near me,Prohibited_Pest,Mosquito control is not an approved pest service
mechanical pest control,Low_Intent,Informational query regarding pest control methodology
tick control companies near me,Prohibited_Pest,Tick control is not an approved pest service
residential mosquito control near me,Prohibited_Pest,Mosquito control is not an approved pest service
mechanical pest control,Low_Intent,Informational query regarding pest control methodology
tick control companies near me,Prohibited_Pest,Tick control is not an approved pest service
residential mosquito control near me,Prohibited_Pest,Mosquito control is not an approved pest service
mechanical pest control,Low_Intent,Informational query regarding pest control methodology
tick control companies near me,Prohibited_Pest,Tick control is not an approved pest service
residential mosquito control near me,Prohibited_Pest,Mosquito control is not an approved pest service
mechanical pest control,Low_Intent,Informational query regarding pest control methodology
tick control companies near me,Prohibited_Pest,Tick control is not an approved pest service
residential mosquito control near me,Prohibited_Pest,Mosquito control is not an approved pest service
mechanical pest control,Low_Intent,Informational query regarding pest control methodology
mosquito and tick control services near me,Prohibited_Pest,Mosquito and tick control are prohibited pests
bug out service near me,Competitor_Brand,Brand bidding on competitor Bug Out Service
commercial mosquito control near me,Prohibited_Pest,Mosquito control and commercial building intent prohibited
target termite and pest control,Competitor_Brand,Brand bidding on competitor Target Termite & Pest Control
bug house near me,Low_Intent,"Navigational query for insectarium/attraction, not extermination"
west indian drywood termite,Low_Intent,Purely informational termite species query with no service intent
mosquito and tick control services near me,Prohibited_Pest,Mosquito and tick control are prohibited pests
bug out service near me,Competitor_Brand,Brand bidding on competitor Bug Out Service
commercial mosquito control near me,Prohibited_Pest,Mosquito control and commercial building intent prohibited
target termite and pest control,Competitor_Brand,Brand bidding on competitor Target Termite & Pest Control
bug house near me,Low_Intent,"Navigational query for insectarium/attraction, not extermination"
west indian drywood termite,Low_Intent,Purely informational termite species query with no service intent
mosquito and tick control services near me,Prohibited_Pest,Mosquito and tick control are prohibited pests
bug out service near me,Competitor_Brand,Brand bidding on competitor Bug Out Service
commercial mosquito control near me,Prohibited_Pest,Mosquito control and commercial building intent prohibited
target termite and pest control,Competitor_Brand,Brand bidding on competitor Target Termite & Pest Control
bug house near me,Low_Intent,"Navigational query for insectarium/attraction, not extermination"
west indian drywood termite,Low_Intent,Purely informational termite species query with no service intent
mosquito and tick control services near me,Prohibited_Pest,Mosquito and tick control are prohibited pests
bug out service near me,Competitor_Brand,Brand bidding on competitor Bug Out Service
commercial mosquito control near me,Prohibited_Pest,Mosquito control and commercial building intent prohibited
target termite and pest control,Competitor_Brand,Brand bidding on competitor Target Termite & Pest Control
bug house near me,Low_Intent,"Navigational query for insectarium/attraction, not extermination"
west indian drywood termite,Low_Intent,Purely informational termite species query with no service intent
mosquito and tick control services near me,Prohibited_Pest,Mosquito and tick control are prohibited pests
bug out service near me,Competitor_Brand,Brand bidding on competitor Bug Out Service
commercial mosquito control near me,Prohibited_Pest,Mosquito control and commercial building intent prohibited
target termite and pest control,Competitor_Brand,Brand bidding on competitor Target Termite & Pest Control
bug house near me,Low_Intent,"Navigational query for insectarium/attraction, not extermination"
west indian drywood termite,Low_Intent,Purely informational termite species query with no service intent
mosquito and tick control services near me,Prohibited_Pest,Mosquito and tick control are prohibited pests
bug out service near me,Competitor_Brand,Brand bidding on competitor Bug Out Service
commercial mosquito control near me,Prohibited_Pest,Mosquito control and commercial building intent prohibited
target termite and pest control,Competitor_Brand,Brand bidding on competitor Target Termite & Pest Control
bug house near me,Low_Intent,"Navigational query for insectarium/attraction, not extermination"
west indian drywood termite,Low_Intent,Purely informational termite species query with no service intent
mosquito and tick control services near me,Prohibited_Pest,Mosquito and tick control are prohibited pests
bug out service near me,Competitor_Brand,Brand bidding on competitor Bug Out Service
commercial mosquito control near me,Prohibited_Pest,Mosquito control and commercial building intent prohibited
target termite and pest control,Competitor_Brand,Brand bidding on competitor Target Termite & Pest Control
bug house near me,Low_Intent,Ambiguous insect zoo or low intent term
west indian drywood termite,Low_Intent,Informational species query without commercial intent
mosquito and tick control services near me,Prohibited_Pest,Mosquitoes and ticks are not approved household pests
bug out service near me,Competitor_Brand,Competitor brand bidding (Bug Out Service)
commercial mosquito control near me,Wrong_Building_Type,Commercial property intent and unaccepted pest
target termite and pest control,Competitor_Brand,Competitor brand bidding (Target Termite and Pest Control)
bug house near me,Low_Intent,Ambiguous insect zoo or low intent term
west indian drywood termite,Low_Intent,Informational species query without commercial intent
mosquito and tick control services near me,Prohibited_Pest,Mosquitoes and ticks are not approved household pests
bug out service near me,Competitor_Brand,Competitor brand bidding (Bug Out Service)
commercial mosquito control near me,Wrong_Building_Type,Commercial property intent and unaccepted pest
target termite and pest control,Competitor_Brand,Competitor brand bidding (Target Termite and Pest Control)
bug house near me,Low_Intent,Ambiguous insect zoo or low intent term
west indian drywood termite,Low_Intent,Informational species query without commercial intent
mosquito and tick control services near me,Prohibited_Pest,Mosquitoes and ticks are not approved household pests
bug out service near me,Competitor_Brand,Competitor brand bidding (Bug Out Service)
commercial mosquito control near me,Wrong_Building_Type,Commercial property intent and unaccepted pest
target termite and pest control,Competitor_Brand,Competitor brand bidding (Target Termite and Pest Control)
bug house near me,Low_Intent,Ambiguous insect zoo or low intent term
west indian drywood termite,Low_Intent,Informational species query without commercial intent
dynatrap near me,DIY,DIY retail trap product
dynatrap near me,DIY,DIY retail trap product
dynatrap near me,DIY,DIY retail trap product
dynatrap near me,DIY,DIY retail trap product
dynatrap near me,DIY,DIY retail trap product
dynatrap near me,DIY,DIY retail trap product
dynatrap near me,DIY,DIY retail trap product
dynatrap near me,DIY,DIY retail trap product
dynatrap near me,DIY,DIY retail trap product
dynatrap near me,DIY,DIY retail trap product
terminix termite & pest control,Competitor_Brand,Competitor brand bidding (Terminix)
premier pest control near me,Competitor_Brand,Competitor brand bidding (Premier Pest Control)
pest control union,Low_Intent,Non-commercial labor union query
top 100 pest control companies,Low_Intent,Industry list / research informational query
termites flying around house,Low_Intent,Informational symptom inquiry without service intent
home mosquito control near me,Prohibited_Pest,Mosquitoes are not an accepted household pest
pacific coast termite near me,Competitor_Brand,Competitor brand bidding (Pacific Coast Termite)
reddit termites,Low_Intent,Social media forum research query
termite white ant,Low_Intent,Informational biological comparison query
terminix termite & pest control,Competitor_Brand,Competitor brand bidding (Terminix)
premier pest control near me,Competitor_Brand,Competitor brand bidding (Premier Pest Control)
pest control union,Low_Intent,Non-commercial labor union query
top 100 pest control companies,Low_Intent,Industry list / research informational query
termites flying around house,Low_Intent,Informational symptom inquiry without service intent
home mosquito control near me,Prohibited_Pest,Mosquitoes are not an accepted household pest
pacific coast termite near me,Competitor_Brand,Competitor brand bidding (Pacific Coast Termite)
reddit termites,Low_Intent,Social media forum research query
termite white ant,Low_Intent,Informational biological comparison query
terminix termite & pest control,Competitor_Brand,Competitor brand bidding (Terminix)
premier pest control near me,Competitor_Brand,Competitor brand bidding (Premier Pest Control)
pest control union,Low_Intent,Non-commercial labor union query
top 100 pest control companies,Low_Intent,Industry list / research informational query
termites flying around house,Low_Intent,Informational symptom inquiry without service intent
home mosquito control near me,Prohibited_Pest,Mosquitoes are not an accepted household pest
pacific coast termite near me,Competitor_Brand,Competitor brand bidding (Pacific Coast Termite)
reddit termites,Low_Intent,Social media forum research query
termite white ant,Low_Intent,Informational biological comparison query
terminix termite & pest control,Competitor_Brand,Competitor brand bidding (Terminix)
premier pest control near me,Competitor_Brand,Competitor brand bidding (Premier Pest Control)
pest control union,Low_Intent,Non-commercial labor union query
top 100 pest control companies,Low_Intent,Industry list / research informational query
termites flying around house,Low_Intent,Informational symptom inquiry without service intent
home mosquito control near me,Prohibited_Pest,Mosquitoes are not an accepted household pest
pacific coast termite near me,Competitor_Brand,Competitor brand bidding (Pacific Coast Termite)
reddit termites,Low_Intent,Social media forum research query
termite white ant,Low_Intent,Informational biological comparison query
terminix termite & pest control,Competitor_Brand,Competitor brand bidding (Terminix)
premier pest control near me,Competitor_Brand,Competitor brand bidding (Premier Pest Control)
pest control union,Low_Intent,Non-commercial labor union query
top 100 pest control companies,Low_Intent,Industry list / research informational query
termites flying around house,Low_Intent,Informational symptom inquiry without service intent
home mosquito control near me,Prohibited_Pest,Mosquitoes are not an accepted household pest
pacific coast termite near me,Competitor_Brand,Competitor brand bidding (Pacific Coast Termite)
reddit termites,Low_Intent,Social media forum research query
termite white ant,Low_Intent,Informational biological comparison query
terminix termite & pest control,Competitor_Brand,Competitor brand bidding (Terminix)
premier pest control near me,Competitor_Brand,Competitor brand bidding (Premier Pest Control)
pest control union,Low_Intent,Non-commercial labor union query
top 100 pest control companies,Low_Intent,Industry list / research informational query
termites flying around house,Low_Intent,Informational symptom inquiry without service intent
home mosquito control near me,Prohibited_Pest,Mosquitoes are not an accepted household pest
pacific coast termite near me,Competitor_Brand,Competitor brand bidding (Pacific Coast Termite)
reddit termites,Low_Intent,Informational forum query
termite white ant,Low_Intent,Informational pest research
terminix termite & pest control,Competitor_Brand,Competitor brand bidding
premier pest control near me,Competitor_Brand,Competitor brand bidding
pest control union,Low_Intent,Labor union or non-service intent
top 100 pest control companies,Low_Intent,Informational research query
termites flying around house,Low_Intent,Informational symptom research
home mosquito control near me,Prohibited_Pest,Prohibited pest: mosquitoes
pacific coast termite near me,Competitor_Brand,Competitor brand bidding
reddit termites,Low_Intent,Informational forum query
termite white ant,Low_Intent,Informational pest research
terminix termite & pest control,Competitor_Brand,Competitor brand bidding
premier pest control near me,Competitor_Brand,Competitor brand bidding
pest control union,Low_Intent,Labor union or non-service intent
top 100 pest control companies,Low_Intent,Informational research query
termites flying around house,Low_Intent,Informational symptom research
home mosquito control near me,Prohibited_Pest,Prohibited pest: mosquitoes
pacific coast termite near me,Competitor_Brand,Competitor brand bidding
reddit termites,Low_Intent,Informational forum query
termite white ant,Low_Intent,Informational pest research
terminix termite & pest control,Competitor_Brand,Competitor brand bidding
premier pest control near me,Competitor_Brand,Competitor brand bidding
pest control union,Low_Intent,Labor union or non-service intent
top 100 pest control companies,Low_Intent,Informational research query
termites flying around house,Low_Intent,Informational symptom research
home mosquito control near me,Prohibited_Pest,Prohibited pest: mosquitoes
pacific coast termite near me,Competitor_Brand,Competitor brand bidding
reddit termites,Low_Intent,Informational forum query
termite white ant,Low_Intent,Informational pest research
terminix termite & pest control,Competitor_Brand,Competitor brand bidding
premier pest control near me,Competitor_Brand,Competitor brand bidding
pest control union,Low_Intent,Labor union or non-service intent
top 100 pest control companies,Low_Intent,Informational research query
termites flying around house,Low_Intent,Informational symptom research
home mosquito control near me,Prohibited_Pest,Prohibited pest: mosquitoes
pacific coast termite near me,Competitor_Brand,Competitor brand bidding
reddit termites,Low_Intent,Informational forum query
termite white ant,Low_Intent,Informational pest research
woodpecker removal services near me,Prohibited_Pest,Prohibited wildlife pest: woodpecker
allstate pest control near me,Competitor_Brand,Competitor brand bidding
house with termites,Low_Intent,Low intent informational research
surrender fire ant killer near me,DIY,DIY pesticide product purchase
woodpecker removal services near me,Prohibited_Pest,Prohibited wildlife pest: woodpecker
allstate pest control near me,Competitor_Brand,Competitor brand bidding
house with termites,Low_Intent,Low intent informational research
surrender fire ant killer near me,DIY,DIY pesticide product purchase
woodpecker removal services near me,Prohibited_Pest,Prohibited wildlife pest: woodpecker
allstate pest control near me,Competitor_Brand,Competitor brand bidding
house with termites,Low_Intent,Low intent informational research
surrender fire ant killer near me,DIY,DIY pesticide product purchase
woodpecker removal services near me,Prohibited_Pest,Prohibited wildlife pest: woodpecker
allstate pest control near me,Competitor_Brand,Competitor brand bidding
house with termites,Low_Intent,Low intent informational research
surrender fire ant killer near me,DIY,DIY pesticide product purchase
woodpecker removal services near me,Prohibited_Pest,Prohibited wildlife pest: woodpecker
allstate pest control near me,Competitor_Brand,Competitor brand bidding
house with termites,Low_Intent,Low intent informational research
surrender fire ant killer near me,DIY,DIY pesticide product purchase
woodpecker removal services near me,Prohibited_Pest,Prohibited wildlife pest: woodpecker
allstate pest control near me,Competitor_Brand,Competitor brand bidding
house with termites,Low_Intent,Low intent informational research
surrender fire ant killer near me,DIY,DIY pesticide product purchase
woodpecker removal services near me,Prohibited_Pest,Prohibited wildlife pest: woodpecker
allstate pest control near me,Competitor_Brand,Competitor brand bidding
house with termites,Low_Intent,Low intent informational research
surrender fire ant killer near me,DIY,DIY pesticide product purchase
woodpecker removal services near me,Prohibited_Pest,Prohibited wildlife pest: woodpecker
allstate pest control near me,Competitor_Brand,Competitor brand bidding
house with termites,Low_Intent,Low intent informational research
surrender fire ant killer near me,DIY,DIY pesticide product purchase
woodpecker removal services near me,Prohibited_Pest,Prohibited wildlife pest: woodpecker
allstate pest control near me,Competitor_Brand,Competitor brand bidding
house with termites,Low_Intent,Low intent informational research
surrender fire ant killer near me,DIY,DIY pesticide product purchase
woodpecker removal services near me,Prohibited_Pest,Prohibited wildlife pest: woodpecker
allstate pest control near me,Competitor_Brand,Competitor brand bidding
house with termites,Low_Intent,Low intent informational research
surrender fire ant killer near me,DIY,DIY pesticide product purchase
tick lawn treatment near me,Prohibited_Pest,Ticks and lawn treatments are prohibited pests/services
tick control for yard near me,Prohibited_Pest,Ticks and outdoor yard treatments are not accepted
pestech near me,Competitor_Brand,Competitor brand name search is strictly prohibited
havard pest control near me,Competitor_Brand,Competitor brand name search is strictly prohibited
carpenter bee control near me,Prohibited_Pest,Bees and carpenter bees are strictly prohibited pests
bifen xts for termites,DIY,DIY chemical insecticide product query
get rid of flying termites,DIY,Informational / DIY query with no hiring intent
no termite,Low_Intent,"Ambiguous, non-commercial low intent query"
white termites in house,Low_Intent,Informational pest identification query with no service intent
sylo insecticide near me,DIY,DIY insecticide product purchase query
stink bug killer near me,Prohibited_Pest,Stink bugs are not accepted household pests and query seeks DIY killer product
bed bug infestations near me,Prohibited_Pest,Bed bugs are strictly prohibited by offer guidelines
tick lawn treatment near me,Prohibited_Pest,Ticks and lawn treatments are prohibited pests/services
tick control for yard near me,Prohibited_Pest,Ticks and outdoor yard treatments are not accepted
pestech near me,Competitor_Brand,Competitor brand name search is strictly prohibited
havard pest control near me,Competitor_Brand,Competitor brand name search is strictly prohibited
carpenter bee control near me,Prohibited_Pest,Bees and carpenter bees are strictly prohibited pests
bifen xts for termites,DIY,DIY chemical insecticide product query
get rid of flying termites,DIY,Informational / DIY query with no hiring intent
no termite,Low_Intent,"Ambiguous, non-commercial low intent query"
white termites in house,Low_Intent,Informational pest identification query with no service intent
sylo insecticide near me,DIY,DIY insecticide product purchase query
stink bug killer near me,Prohibited_Pest,Stink bugs are not accepted household pests and query seeks DIY killer product
bed bug infestations near me,Prohibited_Pest,Bed bugs are strictly prohibited by offer guidelines
tick lawn treatment near me,Prohibited_Pest,Ticks and lawn treatments are prohibited pests/services
tick control for yard near me,Prohibited_Pest,Ticks and outdoor yard treatments are not accepted
pestech near me,Competitor_Brand,Competitor brand name search is strictly prohibited
havard pest control near me,Competitor_Brand,Competitor brand name search is strictly prohibited
carpenter bee control near me,Prohibited_Pest,Bees and carpenter bees are strictly prohibited pests
bifen xts for termites,DIY,DIY chemical insecticide product query
get rid of flying termites,DIY,Informational / DIY query with no hiring intent
no termite,Low_Intent,"Ambiguous, non-commercial low intent query"
white termites in house,Low_Intent,Informational pest identification query with no service intent
sylo insecticide near me,DIY,DIY insecticide product purchase query
stink bug killer near me,Prohibited_Pest,Stink bugs are not accepted household pests and query seeks DIY killer product
bed bug infestations near me,Prohibited_Pest,Bed bugs are strictly prohibited by offer guidelines
tick lawn treatment near me,Prohibited_Pest,Ticks and lawn treatments are prohibited pests/services
tick control for yard near me,Prohibited_Pest,Ticks and outdoor yard treatments are not accepted
pestech near me,Competitor_Brand,Competitor brand name search is strictly prohibited
havard pest control near me,Competitor_Brand,Competitor brand name search is strictly prohibited
carpenter bee control near me,Prohibited_Pest,Bees and carpenter bees are strictly prohibited pests
bifen xts for termites,DIY,DIY chemical insecticide product query
get rid of flying termites,DIY,Informational / DIY query with no hiring intent
no termite,Low_Intent,"Ambiguous, non-commercial low intent query"
white termites in house,Low_Intent,Informational pest identification query with no service intent
sylo insecticide near me,DIY,DIY insecticide product purchase query
stink bug killer near me,Prohibited_Pest,Stink bugs are not accepted household pests and query seeks DIY killer product
bed bug infestations near me,Prohibited_Pest,Bed bugs are strictly prohibited by offer guidelines
tick lawn treatment near me,Prohibited_Pest,Ticks and lawn treatments are prohibited pests/services
tick control for yard near me,Prohibited_Pest,Ticks and outdoor yard treatments are not accepted
pestech near me,Competitor_Brand,Competitor brand name search is strictly prohibited
havard pest control near me,Competitor_Brand,Competitor brand name search is strictly prohibited
carpenter bee control near me,Prohibited_Pest,Bees and carpenter bees are strictly prohibited pests
bifen xts for termites,DIY,DIY chemical insecticide product query
get rid of flying termites,DIY,Informational / DIY query with no hiring intent
no termite,Low_Intent,"Ambiguous, non-commercial low intent query"
white termites in house,Low_Intent,Informational pest identification query with no service intent
sylo insecticide near me,DIY,DIY insecticide product purchase query
stink bug killer near me,Prohibited_Pest,Stink bugs are not accepted household pests and query seeks DIY killer product
bed bug infestations near me,Prohibited_Pest,Bed bugs are strictly prohibited by offer guidelines
tick lawn treatment near me,Prohibited_Pest,Ticks and lawn treatments are prohibited pests/services
tick control for yard near me,Prohibited_Pest,Ticks and outdoor yard treatments are not accepted
pestech near me,Competitor_Brand,Competitor brand name search is strictly prohibited
havard pest control near me,Competitor_Brand,Competitor brand name search is strictly prohibited
carpenter bee control near me,Prohibited_Pest,Bees and carpenter bees are strictly prohibited pests
bifen xts for termites,DIY,DIY chemical insecticide product query
get rid of flying termites,DIY,Informational / DIY query with no hiring intent
no termite,Low_Intent,"Ambiguous, non-commercial low intent query"
white termites in house,Low_Intent,Informational pest identification query with no service intent
sylo insecticide near me,DIY,DIY insecticide product purchase query
stink bug killer near me,Prohibited_Pest,Stink bugs are not accepted household pests and query seeks DIY killer product
bed bug infestations near me,Prohibited_Pest,Bed bugs are strictly prohibited by offer guidelines
tick lawn treatment near me,Prohibited_Pest,Ticks and lawn treatments are prohibited pests/services
tick control for yard near me,Prohibited_Pest,Ticks and outdoor yard treatments are not accepted
pestech near me,Competitor_Brand,Competitor brand name search is strictly prohibited
havard pest control near me,Competitor_Brand,Competitor brand name search is strictly prohibited
carpenter bee control near me,Prohibited_Pest,Bees and carpenter bees are strictly prohibited pests
bifen xts for termites,DIY,DIY chemical insecticide product query
get rid of flying termites,DIY,Informational / DIY query with no hiring intent
no termite,Low_Intent,"Ambiguous, non-commercial low intent query"
white termites in house,Low_Intent,Informational pest identification query with no service intent
sylo insecticide near me,DIY,DIY insecticide product purchase query
stink bug killer near me,Prohibited_Pest,Stink bugs are not accepted household pests and query seeks DIY killer product
bed bug infestations near me,Prohibited_Pest,Bed bugs are strictly prohibited by offer guidelines
tick lawn treatment near me,Prohibited_Pest,Ticks and lawn treatments are prohibited pests/services
tick control for yard near me,Prohibited_Pest,Ticks and outdoor yard treatments are not accepted
pestech near me,Competitor_Brand,Competitor brand name search is strictly prohibited
havard pest control near me,Competitor_Brand,Competitor brand name search is strictly prohibited
carpenter bee control near me,Prohibited_Pest,Bees and carpenter bees are strictly prohibited pests
bifen xts for termites,DIY,DIY chemical insecticide product query
get rid of flying termites,DIY,Informational / DIY query with no hiring intent
no termite,Low_Intent,"Ambiguous, non-commercial low intent query"
white termites in house,Low_Intent,Informational pest identification query with no service intent
sylo insecticide near me,DIY,DIY insecticide product purchase query
stink bug killer near me,Prohibited_Pest,Stink bugs are not accepted household pests and query seeks DIY killer product
bed bug infestations near me,Prohibited_Pest,Bed bugs are strictly prohibited by offer guidelines
tick lawn treatment near me,Prohibited_Pest,Ticks and lawn treatments are prohibited pests/services
tick control for yard near me,Prohibited_Pest,Ticks and outdoor yard treatments are not accepted
pestech near me,Competitor_Brand,Competitor brand name search is strictly prohibited
havard pest control near me,Competitor_Brand,Competitor brand name search is strictly prohibited
carpenter bee control near me,Prohibited_Pest,Prohibited pest: bees
bifen xts for termites,DIY,DIY chemical product search
get rid of flying termites,DIY,Informational / DIY intent
no termite,Low_Intent,Low intent ambiguous query
white termites in house,Low_Intent,Informational identification query
sylo insecticide near me,DIY,DIY insecticide product search
stink bug killer near me,Prohibited_Pest,Prohibited pest and retail product intent
bed bug infestations near me,Prohibited_Pest,Prohibited pest: bed bugs
tick lawn treatment near me,Prohibited_Pest,Prohibited pest: ticks
tick control for yard near me,Prohibited_Pest,Prohibited pest: ticks
pestech near me,Competitor_Brand,Competitor brand bidding
havard pest control near me,Competitor_Brand,Competitor brand bidding
carpenter bee control near me,Prohibited_Pest,Prohibited pest: bees
bifen xts for termites,DIY,DIY chemical product search
get rid of flying termites,DIY,Informational / DIY intent
no termite,Low_Intent,Low intent ambiguous query
white termites in house,Low_Intent,Informational identification query
sylo insecticide near me,DIY,DIY insecticide product search
stink bug killer near me,Prohibited_Pest,Prohibited pest and retail product intent
bed bug infestations near me,Prohibited_Pest,Prohibited pest: bed bugs
purcor near me,Competitor_Brand,Competitor brand bidding
bed bug exterminator prices near me,Prohibited_Pest,Prohibited pest: bed bugs
flea and tick yard treatment near me,Prohibited_Pest,Prohibited pests: fleas and ticks
lizard removal service near me,Prohibited_Pest,Prohibited pest: lizards
all year pest solutions,Competitor_Brand,Competitor brand bidding
jc ehrlich near me,Competitor_Brand,Competitor brand bidding
exterra termite,Competitor_Brand,Competitor proprietary product/brand
bug master near me,Competitor_Brand,Competitor brand bidding
heron pest control near me,Competitor_Brand,Competitor brand bidding
global pest control services,Competitor_Brand,Competitor brand bidding
aruza pest control near me,Competitor_Brand,Competitor brand bidding
empire pest control near me,Competitor_Brand,Competitor brand bidding
pest x near me,Competitor_Brand,Competitor brand bidding
termite stakes popped up,Low_Intent,Informational troubleshooting query
mosquito beater near me,DIY,DIY retail product search
termite control insecticide,DIY,DIY chemical product search
barrier pest control near me,Competitor_Brand,Competitor brand bidding
bonide systemic insect control near me,DIY,DIY product brand search
martin's surrender fire ant killer near me,DIY,DIY retail product search
reclaim it insecticide near me,DIY,DIY insecticide product search
purcor near me,Competitor_Brand,Competitor brand bidding
bed bug exterminator prices near me,Prohibited_Pest,Prohibited pest: bed bugs
flea and tick yard treatment near me,Prohibited_Pest,Prohibited pests: fleas and ticks
lizard removal service near me,Prohibited_Pest,Prohibited pest: lizards
all year pest solutions,Competitor_Brand,Competitor brand bidding
jc ehrlich near me,Competitor_Brand,Competitor brand bidding
exterra termite,Competitor_Brand,Competitor proprietary product/brand
bug master near me,Competitor_Brand,Competitor brand bidding
heron pest control near me,Competitor_Brand,Competitor brand bidding
global pest control services,Competitor_Brand,Competitor brand bidding
aruza pest control near me,Competitor_Brand,Competitor brand bidding
empire pest control near me,Competitor_Brand,Competitor brand bidding
pest x near me,Competitor_Brand,Competitor brand bidding
termite stakes popped up,Low_Intent,Informational troubleshooting query
mosquito beater near me,DIY,DIY retail product search
termite control insecticide,DIY,DIY chemical product search
barrier pest control near me,Competitor_Brand,Competitor brand bidding
bonide systemic insect control near me,DIY,DIY product brand search
martin's surrender fire ant killer near me,DIY,DIY retail product search
reclaim it insecticide near me,DIY,DIY insecticide product search
purcor near me,Competitor_Brand,Competitor brand bidding
bed bug exterminator prices near me,Prohibited_Pest,Prohibited pest: bed bugs
flea and tick yard treatment near me,Prohibited_Pest,Prohibited pests: fleas and ticks
lizard removal service near me,Prohibited_Pest,Prohibited pest: lizards
all year pest solutions,Competitor_Brand,Competitor brand bidding
jc ehrlich near me,Competitor_Brand,Competitor brand bidding
exterra termite,Competitor_Brand,Competitor proprietary product/brand
bug master near me,Competitor_Brand,Competitor brand bidding
heron pest control near me,Competitor_Brand,Competitor brand bidding
global pest control services,Competitor_Brand,Competitor brand bidding
aruza pest control near me,Competitor_Brand,Competitor brand bidding
empire pest control near me,Competitor_Brand,Competitor brand bidding
pest x near me,Competitor_Brand,Competitor brand bidding
termite stakes popped up,DIY,DIY troubleshooting query
mosquito beater near me,Prohibited_Pest,Prohibited pest mosquito and DIY product
termite control insecticide,DIY,DIY insecticide product search
barrier pest control near me,Competitor_Brand,Competitor brand Barrier Pest Control
bonide systemic insect control near me,DIY,DIY pesticide product Bonide
martin's surrender fire ant killer near me,DIY,DIY product Martin's Surrender
reclaim it insecticide near me,DIY,DIY insecticide product Reclaim IT
purcor near me,Competitor_Brand,Competitor brand Purcor
bed bug exterminator prices near me,Prohibited_Pest,Prohibited pest bed bugs
flea and tick yard treatment near me,Prohibited_Pest,Prohibited pests fleas and ticks
lizard removal service near me,Prohibited_Pest,Prohibited pest lizards and wildlife removal
all year pest solutions,Competitor_Brand,Competitor brand All Year Pest Solutions
jc ehrlich near me,Competitor_Brand,Competitor brand JC Ehrlich
exterra termite,Competitor_Brand,Proprietary brand/system Exterra
bug master near me,Competitor_Brand,Competitor brand Bug Master
heron pest control near me,Competitor_Brand,Competitor brand Heron Pest Control
global pest control services,Competitor_Brand,Competitor brand Global Pest Control
aruza pest control near me,Competitor_Brand,Competitor brand Aruza Pest Control
empire pest control near me,Competitor_Brand,Competitor brand Empire Pest Control
pest x near me,Competitor_Brand,Competitor brand Pest X
termite stakes popped up,DIY,DIY troubleshooting query
mosquito beater near me,Prohibited_Pest,Prohibited pest mosquito and DIY product
termite control insecticide,DIY,DIY insecticide product search
barrier pest control near me,Competitor_Brand,Competitor brand Barrier Pest Control
bonide systemic insect control near me,DIY,DIY pesticide product Bonide
martin's surrender fire ant killer near me,DIY,DIY product Martin's Surrender
reclaim it insecticide near me,DIY,DIY insecticide product Reclaim IT
purcor near me,Competitor_Brand,Competitor brand Purcor
bed bug exterminator prices near me,Prohibited_Pest,Prohibited pest bed bugs
flea and tick yard treatment near me,Prohibited_Pest,Prohibited pests fleas and ticks
lizard removal service near me,Prohibited_Pest,Prohibited pest lizards and wildlife removal
all year pest solutions,Competitor_Brand,Competitor brand All Year Pest Solutions
jc ehrlich near me,Competitor_Brand,Competitor brand JC Ehrlich
exterra termite,Competitor_Brand,Proprietary brand/system Exterra
bug master near me,Competitor_Brand,Competitor brand Bug Master
heron pest control near me,Competitor_Brand,Competitor brand Heron Pest Control
global pest control services,Competitor_Brand,Competitor brand Global Pest Control
aruza pest control near me,Competitor_Brand,Competitor brand Aruza Pest Control
empire pest control near me,Competitor_Brand,Competitor brand Empire Pest Control
pest x near me,Competitor_Brand,Competitor brand Pest X
termite stakes popped up,DIY,DIY troubleshooting query
mosquito beater near me,Prohibited_Pest,Prohibited pest mosquito and DIY product
termite control insecticide,DIY,DIY insecticide product search
barrier pest control near me,Competitor_Brand,Competitor brand Barrier Pest Control
bonide systemic insect control near me,DIY,DIY pesticide product Bonide
martin's surrender fire ant killer near me,DIY,DIY product Martin's Surrender
reclaim it insecticide near me,DIY,DIY insecticide product Reclaim IT
purcor near me,Competitor_Brand,Competitor brand Purcor
bed bug exterminator prices near me,Prohibited_Pest,Prohibited pest bed bugs
flea and tick yard treatment near me,Prohibited_Pest,Prohibited pests fleas and ticks
lizard removal service near me,Prohibited_Pest,Prohibited pest lizards and wildlife removal
all year pest solutions,Competitor_Brand,Competitor brand All Year Pest Solutions
jc ehrlich near me,Competitor_Brand,Competitor brand JC Ehrlich
exterra termite,Competitor_Brand,Proprietary brand/system Exterra
bug master near me,Competitor_Brand,Competitor brand Bug Master
heron pest control near me,Competitor_Brand,Competitor brand Heron Pest Control
global pest control services,Competitor_Brand,Competitor brand Global Pest Control
aruza pest control near me,Competitor_Brand,Competitor brand Aruza Pest Control
empire pest control near me,Competitor_Brand,Competitor brand Empire Pest Control
pest x near me,Competitor_Brand,Competitor brand Pest X
termite stakes popped up,DIY,DIY troubleshooting query
mosquito beater near me,Prohibited_Pest,Prohibited pest mosquito and DIY product
termite control insecticide,DIY,DIY insecticide product search
barrier pest control near me,Competitor_Brand,Competitor brand Barrier Pest Control
bonide systemic insect control near me,DIY,DIY pesticide product Bonide
martin's surrender fire ant killer near me,DIY,DIY product Martin's Surrender
reclaim it insecticide near me,DIY,DIY insecticide product Reclaim IT
purcor near me,Competitor_Brand,Competitor brand Purcor
bed bug exterminator prices near me,Prohibited_Pest,Prohibited pest bed bugs
flea and tick yard treatment near me,Prohibited_Pest,Prohibited pests fleas and ticks
lizard removal service near me,Prohibited_Pest,Prohibited pest lizards and wildlife removal
all year pest solutions,Competitor_Brand,Competitor brand name bidding prohibited
jc ehrlich near me,Competitor_Brand,Competitor brand name bidding prohibited
exterra termite,Competitor_Brand,Brand name / proprietary product search
bug master near me,Competitor_Brand,Competitor brand name bidding prohibited
heron pest control near me,Competitor_Brand,Competitor brand name bidding prohibited
global pest control services,Competitor_Brand,Competitor brand name bidding prohibited
aruza pest control near me,Competitor_Brand,Competitor brand name bidding prohibited
empire pest control near me,Competitor_Brand,Competitor brand name bidding prohibited
pest x near me,Competitor_Brand,Competitor brand name bidding prohibited
termite stakes popped up,Low_Intent,Informational troubleshooting query without commercial intent
mosquito beater near me,DIY,DIY retail product query
termite control insecticide,DIY,DIY chemical product search
barrier pest control near me,Competitor_Brand,Competitor brand name bidding prohibited
bonide systemic insect control near me,DIY,DIY retail insecticide product search
martin's surrender fire ant killer near me,DIY,DIY retail chemical product search
reclaim it insecticide near me,DIY,DIY retail insecticide product search
purcor near me,Competitor_Brand,Competitor brand name bidding prohibited
bed bug exterminator prices near me,Prohibited_Pest,Bed bugs are strictly prohibited
flea and tick yard treatment near me,Prohibited_Pest,Fleas and ticks are not accepted household pests
lizard removal service near me,Prohibited_Pest,Lizards are strictly prohibited pests
all year pest solutions,Competitor_Brand,Competitor brand name bidding prohibited
jc ehrlich near me,Competitor_Brand,Competitor brand name bidding prohibited
exterra termite,Competitor_Brand,Brand name / proprietary product search
bug master near me,Competitor_Brand,Competitor brand name bidding prohibited
heron pest control near me,Competitor_Brand,Competitor brand name bidding prohibited
global pest control services,Competitor_Brand,Competitor brand name bidding prohibited
aruza pest control near me,Competitor_Brand,Competitor brand name bidding prohibited
empire pest control near me,Competitor_Brand,Competitor brand name bidding prohibited
pest x near me,Competitor_Brand,Competitor brand name bidding prohibited
termite stakes popped up,Low_Intent,Informational troubleshooting query without commercial intent
mosquito beater near me,DIY,DIY retail product query
termite control insecticide,DIY,DIY chemical product search
barrier pest control near me,Competitor_Brand,Competitor brand name bidding prohibited
bonide systemic insect control near me,DIY,DIY retail insecticide product search
martin's surrender fire ant killer near me,DIY,DIY retail chemical product search
reclaim it insecticide near me,DIY,DIY retail insecticide product search
purcor near me,Competitor_Brand,Competitor brand name bidding prohibited
bed bug exterminator prices near me,Prohibited_Pest,Bed bugs are strictly prohibited
flea and tick yard treatment near me,Prohibited_Pest,Fleas and ticks are not accepted household pests
lizard removal service near me,Prohibited_Pest,Lizards are strictly prohibited pests
all year pest solutions,Competitor_Brand,Competitor brand name bidding prohibited
jc ehrlich near me,Competitor_Brand,Competitor brand name bidding prohibited
exterra termite,Competitor_Brand,Brand name / proprietary product search
bug master near me,Competitor_Brand,Competitor brand name bidding prohibited
heron pest control near me,Competitor_Brand,Competitor brand name bidding prohibited
global pest control services,Competitor_Brand,Competitor brand name bidding prohibited
aruza pest control near me,Competitor_Brand,Competitor brand name bidding prohibited
empire pest control near me,Competitor_Brand,Competitor brand name bidding prohibited
pest x near me,Competitor_Brand,Competitor brand name bidding prohibited
termite stakes popped up,Low_Intent,Informational troubleshooting query without commercial intent
mosquito beater near me,DIY,DIY retail product query
termite control insecticide,DIY,DIY chemical product search
barrier pest control near me,Competitor_Brand,Competitor brand name bidding prohibited
bonide systemic insect control near me,DIY,DIY retail insecticide product search
martin's surrender fire ant killer near me,DIY,DIY retail chemical product search
reclaim it insecticide near me,DIY,DIY retail insecticide product search
purcor near me,Competitor_Brand,Competitor brand name bidding prohibited
bed bug exterminator prices near me,Prohibited_Pest,Bed bugs are strictly prohibited
flea and tick yard treatment near me,Prohibited_Pest,Fleas and ticks are not accepted household pests
lizard removal service near me,Prohibited_Pest,Lizards are strictly prohibited pests
all year pest solutions,Competitor_Brand,Competitor brand name bidding prohibited
jc ehrlich near me,Competitor_Brand,Competitor brand name bidding prohibited
exterra termite,Competitor_Brand,Brand name / proprietary product search
bug master near me,Competitor_Brand,Competitor brand name bidding prohibited
heron pest control near me,Competitor_Brand,Competitor brand name bidding prohibited
global pest control services,Competitor_Brand,Competitor brand name bidding prohibited
aruza pest control near me,Competitor_Brand,Competitor brand bidding is strictly prohibited
empire pest control near me,Competitor_Brand,Competitor brand bidding is strictly prohibited
pest x near me,Competitor_Brand,Competitor brand bidding is strictly prohibited
termite stakes popped up,Low_Intent,Informational DIY bait station query with no service intent
mosquito beater near me,Prohibited_Pest,Mosquitoes are strictly prohibited and query targets DIY product
termite control insecticide,DIY,DIY insecticide product search rather than professional service
barrier pest control near me,Competitor_Brand,Competitor brand bidding is strictly prohibited
bonide systemic insect control near me,DIY,Retail DIY chemical product brand search
martin's surrender fire ant killer near me,DIY,Retail chemical brand DIY product purchase intent
reclaim it insecticide near me,DIY,DIY chemical insecticide product search
wondercide indoor pest control near me,DIY,Wondercide is a retail DIY spray product
wondercide indoor pest control near me,DIY,Wondercide is a retail DIY spray product
wondercide indoor pest control near me,DIY,Wondercide is a retail DIY spray product
wondercide indoor pest control near me,DIY,Wondercide is a retail DIY spray product
wondercide indoor pest control near me,DIY,Wondercide is a retail DIY spray product
wondercide indoor pest control near me,DIY,Wondercide is a retail DIY spray product
wondercide indoor pest control near me,DIY,Wondercide is a retail DIY spray product
wondercide indoor pest control near me,DIY,Wondercide is a retail DIY spray product
wondercide indoor pest control near me,DIY,Wondercide is a retail DIY spray product
wondercide indoor pest control near me,DIY,Wondercide is a retail DIY spray product
terminix pest & termite control,Competitor_Brand,Competitor brand bidding (Terminix)
building and pest inspection near me,Low_Intent,Real estate pre-purchase property inspection rather than pest extermination service
termite barrier cost,Low_Intent,Informational cost query without immediate service intent
hulett pest control near me,Competitor_Brand,Competitor brand bidding (Hulett)
bedbugs control services,Prohibited_Pest,Bed bugs are strictly prohibited
24 hour bed bug exterminator near me,Prohibited_Pest,Bed bugs are strictly prohibited
npma 33 pest inspection near me,Low_Intent,Real estate mortgage inspection document search rather than pest treatment
termite inspection central coast,Low_Intent,Geo mismatch query outside target service area
rat trappers near me,Prohibited_Pest,Trapping and animal control / wildlife removal is prohibited
flick termite,Competitor_Brand,Competitor brand bidding (Flick)
fantastic services pest control,Competitor_Brand,Competitor brand bidding (Fantastic Services)
bug exterminator near me cost,Low_Intent,Price shopping informational query
mosquito defense near me,Prohibited_Pest,Mosquitoes are strictly prohibited
pestban near me,Competitor_Brand,Competitor brand bidding (Pestban)
spectracide terminate termite killing stakes,DIY,Retail DIY product search (Spectracide)
pest control for birds near me,Prohibited_Pest,Birds / wildlife removal is strictly prohibited
attic pest removal service near me,Prohibited_Pest,Attic removal indicates wildlife / animal control intent
possum pest control near me,Prohibited_Pest,Possums / wildlife removal are strictly prohibited
critter exterminators near me,Prohibited_Pest,Critter / wildlife removal is prohibited
local bee exterminators in my area,Prohibited_Pest,Bees are strictly prohibited
pest control pigeons near me,Prohibited_Pest,Pigeons / birds are strictly prohibited
termite protection barrier,Low_Intent,Informational product query without direct local service intent
best pest control near me for bed bugs,Prohibited_Pest,Bed bugs are strictly prohibited
carpet and pest control near me,Low_Intent,Carpet cleaning bundle query signals tenancy exit low lead intent
orkin near me prices,Competitor_Brand,Competitor brand bidding (Orkin)
critter trapper near me,Prohibited_Pest,Wildlife / animal trapping is strictly prohibited
pest control birds near me,Prohibited_Pest,Birds / wildlife removal is strictly prohibited
pest control near me for mosquitoes,Prohibited_Pest,Mosquitoes are strictly prohibited
bark pest control,Competitor_Brand,Competitor brand bidding (Bark Pest Control)
bug guys pest control near me,Competitor_Brand,Competitor brand bidding (Bug Guys)
pest control mosquito near me,Prohibited_Pest,Mosquitoes are strictly prohibited
pest control near me for squirrels,Prohibited_Pest,Squirrels / wildlife removal are strictly prohibited
lizard catcher near me,Prohibited_Pest,Lizards are strictly prohibited
building and pest inspections near me,Low_Intent,Real estate pre-purchase property inspection rather than pest extermination service
pest control near me birds,Prohibited_Pest,Birds / wildlife removal is strictly prohibited
pest control charges near me,Low_Intent,Pricing research without clear booking intent
termite pre treatment for new construction near me,Wrong_Building_Type,New construction commercial contractor service rather than existing residential homeowner
stink bug pest control near me,Prohibited_Pest,Stink bugs are not an accepted target pest
tick and mosquito treatment near me,Prohibited_Pest,Ticks and mosquitoes are strictly prohibited
termite solutions pest control,Competitor_Brand,Competitor brand bidding (Termite Solutions)
wasp company near me,Prohibited_Pest,Wasps are strictly prohibited
woodpecker pest control services near me,Prohibited_Pest,Woodpeckers / wildlife are strictly prohibited
fly control services near me,Prohibited_Pest,Flies are strictly prohibited
vole control companies near me,Prohibited_Pest,Voles / wildlife removal are strictly prohibited
pest control near me orkin,Competitor_Brand,Competitor brand bidding (Orkin)
wood bee exterminator near me,Prohibited_Pest,Bees are strictly prohibited
vault fumigation near me,Wrong_Building_Type,Vault fumigation targets commercial commodities and storage facilities
trugreen pest control near me,Competitor_Brand,Competitor brand bidding (TruGreen)
exterminator for ticks near me,Prohibited_Pest,Prohibited pest (ticks)
box elder bug removal near me,Prohibited_Pest,Prohibited pest (box elder bugs)
pest control for carpenter bees near me,Prohibited_Pest,Prohibited pest (bees)
exterminators bed bugs near me,Prohibited_Pest,Prohibited pest (bed bugs)
pest control ticks near me,Prohibited_Pest,Prohibited pest (ticks)
wasp and bee pest control near me,Prohibited_Pest,Prohibited pest (wasps and bees)
bed bug pest control companies near me,Prohibited_Pest,Prohibited pest (bed bugs)
bagworm exterminators near me,Prohibited_Pest,Prohibited pest (bagworms)
removal of wasps nests near me,Prohibited_Pest,Prohibited pest (wasps)
orkin pest control near my location,Competitor_Brand,Competitor brand bidding (Orkin)
gopher exterminators in my area,Prohibited_Pest,Prohibited wildlife removal (gophers)
24 hour critter removal near me,Prohibited_Pest,Prohibited wildlife / animal control
rentokil north america near me,Competitor_Brand,Competitor brand bidding (Rentokil)
industrial pest control services near me,Wrong_Building_Type,Prohibited property type (commercial / industrial)
allgood pest control near me,Competitor_Brand,Competitor brand bidding (Allgood)
evergreen pest control near me,Competitor_Brand,Competitor brand bidding (Evergreen Pest Control)
thermal pest control near me,Prohibited_Pest,Thermal pest control is primarily used for prohibited bed bug remediation
bee spraying service near me,Prohibited_Pest,Prohibited pest (bees)
drain flies exterminator near me,Prohibited_Pest,Prohibited pest (drain flies)
bird mite specialist near me,Prohibited_Pest,Prohibited pest (mites of any kind)
gypsy moth spraying near me,Prohibited_Pest,Prohibited pest (gypsy moth / outdoor tree pest)
thomas pest control near me,Competitor_Brand,Competitor brand bidding (Thomas Pest Control)
x terminator pest control near me,Competitor_Brand,Competitor brand bidding (X Terminator)
orkin hours near me,Competitor_Brand,Competitor brand bidding (Orkin)
mosquito mary's near me,Competitor_Brand,Competitor brand bidding (Mosquito Mary's)
batzner near me,Competitor_Brand,Competitor brand bidding (Batzner)
exterminator near me for flies,Prohibited_Pest,Prohibited pest (flies)
mosquito pest control companies near me,Prohibited_Pest,Prohibited pest (mosquitoes)
gypsy moth exterminator near me,Prohibited_Pest,Prohibited pest (gypsy moth)
johnson pest control near me,Competitor_Brand,Competitor brand bidding (Johnson Pest Control)
lizard control services near me,Prohibited_Pest,Prohibited pest (lizards)
pest control wasp nest near me,Prohibited_Pest,Prohibited pest (wasps)
s and s termite,Competitor_Brand,Competitor brand bidding (S and S Termite)
bee gone pest control commercial,Competitor_Brand,Competitor brand bidding (Bee Gone Pest Control)
organic tick spraying near me,Prohibited_Pest,Prohibited pest (ticks)
ladybird pest control,Competitor_Brand,Competitor brand bidding (Ladybird Pest Control)
exterminator near me for stink bugs,Prohibited_Pest,Prohibited pest (stink bugs)
quality affordable pest control,Competitor_Brand,Competitor brand bidding (Quality Affordable Pest Control)
the specialist pest control,Competitor_Brand,Competitor brand bidding (The Specialist Pest Control)
gopher trapping service near me,Prohibited_Pest,Prohibited wildlife removal (gophers)
wasp nest disposal near me,Prohibited_Pest,Prohibited pest (wasps)
bed bug fumigation services near me,Prohibited_Pest,Prohibited pest (bed bugs)
economy pest control near me,Competitor_Brand,Competitor brand bidding (Economy Pest Control)
mosquito busters near me,Competitor_Brand,Competitor brand bidding (Mosquito Busters) and prohibited pest
pest control near me for carpenter bees,Prohibited_Pest,Prohibited pest (bees)
pest control near me for ticks,Prohibited_Pest,Prohibited pest (ticks)
rabbit exterminators near me,Prohibited_Pest,Prohibited wildlife removal (rabbits)
cheap exterminator for bed bugs near me,Prohibited_Pest,Prohibited pest (bed bugs)
bedbugs treatment near me,Prohibited_Pest,Prohibited pest (bed bugs)
exterminator wasp near me,Prohibited_Pest,Prohibited pest (wasps)
cockroach killer gel near me,DIY,DIY / retail product purchase intent
bee prevention near me,Prohibited_Pest,Prohibited pest (bees)
mosquito places near me,Prohibited_Pest,Prohibited pest (mosquitoes)
mosquito yard control near me,Prohibited_Pest,Prohibited pest (mosquitoes)
fly removal near me,Prohibited_Pest,Prohibited pest (flies)
all bugs pest control,Competitor_Brand,Competitor brand bidding (All Bugs Pest Control)
chem wise near me,Competitor_Brand,Competitor brand bidding (Chem-Wise)
local bird removal services,Prohibited_Pest,Prohibited wildlife removal (birds)
exterminators near me for carpenter bees,Prohibited_Pest,Prohibited pest: bees
press control services near me,Low_Intent,Irrelevant / typo service query (press control)
local bee removal company,Prohibited_Pest,Prohibited pest: bees
pest control near me for lizards,Prohibited_Pest,Prohibited pest: lizards
pest shield near me,Competitor_Brand,Brand bidding prohibited: Pest Shield
professional flea control near me,Prohibited_Pest,Prohibited pest: fleas not in approved list
solution for termites at home,DIY,DIY / Informational intent for termites
caterpillar exterminators near me,Prohibited_Pest,Prohibited pest: caterpillars
hi care termite,Competitor_Brand,Brand bidding prohibited: HiCare
pallet fumigation services near me,Wrong_Building_Type,Commercial/industrial pallet service
wasp nest removal in my area,Prohibited_Pest,Prohibited pest: wasps
bird mite pest control near me,Prohibited_Pest,Prohibited pest: mites
misting pest control,Low_Intent,Low intent generic method query
wildlife trapping company near me,Prohibited_Pest,Wildlife removal strictly prohibited
best gopher control near me,Prohibited_Pest,Wildlife / gopher control prohibited
presto x pest control near me,Competitor_Brand,Brand bidding prohibited: Presto-X
surrender bug killer near me,DIY,DIY product purchase intent
udhai pest control,Competitor_Brand,Competitor brand / international term
pest trapper near me,Prohibited_Pest,Animal trapping / wildlife removal prohibited
pest control point,Low_Intent,Low intent informational/brand query
springtail extermination near me,Prohibited_Pest,Prohibited pest: springtails
masonry bee removal near me,Prohibited_Pest,Prohibited pest: bees
permanent solution for termites,DIY,Informational / DIY search
flea treatment for home near me,Prohibited_Pest,Prohibited pest: fleas
chipmunk exterminators near me,Prohibited_Pest,Prohibited pest: chipmunks / wildlife
pre construction termite treatment near me,Wrong_Building_Type,Pre-construction commercial/builder query
permatreat near me,Competitor_Brand,Brand bidding prohibited: PermaTreat
gypsy moth treatment near me,Prohibited_Pest,Prohibited pest: outdoor/gypsy moths
wil kil pest control near me,Competitor_Brand,Brand bidding prohibited: Wil-Kil
hired killers near me,Low_Intent,Irrelevant / inappropriate query
spraying for gypsy moths near me,Prohibited_Pest,Prohibited pest: gypsy moths
commercial pest management near me,Wrong_Building_Type,Wrong building type: Commercial pest management
steritech pest control near me,Competitor_Brand,Brand bidding prohibited: Steritech
fastrac blox near me,DIY,DIY product purchase intent: Fastrac Blox
ace exterminating near me,Competitor_Brand,Brand bidding prohibited: Ace Exterminating
bayer pest control near me,Competitor_Brand,Brand bidding prohibited: Bayer
bed bug control companies near me,Prohibited_Pest,Prohibited pest: bed bugs
beetle control near me,Prohibited_Pest,Prohibited pest: beetles not in accepted list
best mosquito exterminator near me,Prohibited_Pest,Prohibited pest: mosquitoes
biological control of termites,DIY,Informational query
bird mite exterminators near me,Prohibited_Pest,Prohibited pest: mites
bt pesticide near me,DIY,DIY pesticide product search
bumble bee control near me,Prohibited_Pest,Prohibited pest: bees
central exterminating near me,Competitor_Brand,Brand bidding prohibited: Central Exterminating
cicada killer wasp exterminator near me,Prohibited_Pest,Prohibited pest: wasps
cockroach gel near me,DIY,DIY product intent: cockroach gel
covid fumigation services near me,Low_Intent,Sanitization / non-pest control query
dixon pest control near me,Competitor_Brand,Brand bidding prohibited: Dixon Pest Control
eco bed bug exterminator near me,Prohibited_Pest,Prohibited pest: bed bugs
eco bed bug exterminators near me,Prohibited_Pest,Prohibited pest: bed bugs
ecosmart ant and roach killer near me,DIY,DIY product purchase intent
fumigation services for covid near me,Low_Intent,Sanitization / non-pest control query
gnat nix near me,Prohibited_Pest,Prohibited pest: gnats
gypsy moth control near me,Prohibited_Pest,Prohibited pest: gypsy moths
honey bee exterminators near me,Prohibited_Pest,Prohibited pest: honeybees
invict gold cockroach gel near me,DIY,DIY product purchase intent: Invict Gold
lentrek termite,DIY,Chemical product search (Lentrek)
maxxthor ec near me,DIY,DIY insecticide product purchase intent
molecatcher near me,Prohibited_Pest,Prohibited wildlife removal: moles
mosquito elimination near me,Prohibited_Pest,Prohibited pest: mosquitoes
mosquito eradicator near me,Prohibited_Pest,Prohibited pest: mosquitoes
pest control for foxes near me,Prohibited_Pest,Prohibited wildlife: foxes
pest control services for lizards near me,Prohibited_Pest,Prohibited pest: lizards
pestpop near me,Competitor_Brand,Brand bidding prohibited: PestPac / Pestpop
premise termite price,DIY,DIY product price search: Premise Termite
professional flea removal near me,Prohibited_Pest,Prohibited pest: fleas are not on the accepted pests list
repairing termite damaged walls,Low_Intent,Structural repair informational intent rather than pest extermination service
reptile control services near me,Prohibited_Pest,Prohibited service: reptiles and wildlife removal
sovereign pest control near me,Competitor_Brand,Competitor brand bidding: Sovereign Pest Control
spectracide termite stakes false positive,DIY,DIY retail product troubleshooting query
tata termite,Competitor_Brand,Brand name query: Tata product/brand
terro wasp and hornet killer near me,Prohibited_Pest,Prohibited pest (wasps/hornets) and DIY brand product query
vikane fumigation near me,Competitor_Brand,Manufacturer/brand product query: Vikane
zevo bug killer near me,DIY,DIY retail product purchase intent: Zevo
terminix pest & termite control,Competitor_Brand,Competitor brand bidding: Terminix
termite barrier cost,Low_Intent,Informational price research query without service request intent
hulett pest control near me,Competitor_Brand,Competitor brand bidding: Hulett Environmental Services
bedbugs control services,Prohibited_Pest,Prohibited pest: bed bugs
24 hour bed bug exterminator near me,Prohibited_Pest,Prohibited pest: bed bugs
flick termite,Competitor_Brand,Competitor brand bidding: Flick Anticimex
fantastic services pest control,Competitor_Brand,Competitor brand bidding: Fantastic Services
bug exterminator near me cost,Low_Intent,Informational price research query without immediate hire intent
mosquito defense near me,Prohibited_Pest,Prohibited pest: mosquitoes are not covered
pestban near me,Competitor_Brand,Competitor brand bidding: Pestban
spectracide terminate termite killing stakes,DIY,DIY retail product purchase intent: Spectracide
pest control for birds near me,Prohibited_Pest,Prohibited pest: birds / wildlife removal
attic pest removal service near me,Prohibited_Pest,"High likelihood of wildlife/animal control intent (squirrels, raccoons, bats)"
possum pest control near me,Prohibited_Pest,Prohibited pest: possum / wildlife removal
critter exterminators near me,Prohibited_Pest,Prohibited service: animal control / wildlife removal
local bee exterminators in my area,Prohibited_Pest,Prohibited pest: bees
pest control pigeons near me,Prohibited_Pest,Prohibited pest: pigeons / birds / wildlife removal
best pest control near me for bed bugs,Prohibited_Pest,Prohibited pest: bed bugs
orkin near me prices,Competitor_Brand,Competitor brand bidding: Orkin
critter trapper near me,Prohibited_Pest,Prohibited service: wildlife trapping / animal control
pest control birds near me,Prohibited_Pest,Prohibited pest: birds
pest control near me for mosquitoes,Prohibited_Pest,Prohibited pest: mosquitoes
bark pest control,Competitor_Brand,Competitor brand bidding: Bark Pest Control / Bark.com
bug guys pest control near me,Competitor_Brand,Competitor brand bidding: Bug Guys Pest Control
pest control mosquito near me,Prohibited_Pest,Prohibited pest: mosquitoes
pest control near me for squirrels,Prohibited_Pest,Prohibited pest: squirrels / wildlife removal
lizard catcher near me,Prohibited_Pest,Prohibited pest: lizards
pest control near me birds,Prohibited_Pest,Prohibited pest: birds
pest control charges near me,Low_Intent,Informational pricing research query
termite pre treatment for new construction near me,Wrong_Building_Type,B2B / contractor new construction pre-treatment rather than residential homeowner service
stink bug pest control near me,Prohibited_Pest,Prohibited pest: stink bugs are not on the accepted pests list
tick and mosquito treatment near me,Prohibited_Pest,Prohibited pests: ticks and mosquitoes
termite solutions pest control,Competitor_Brand,Competitor brand bidding: Termite Solutions
wasp company near me,Prohibited_Pest,Prohibited pest: wasps
woodpecker pest control services near me,Prohibited_Pest,Prohibited pest: woodpeckers / wildlife removal
fly control services near me,Prohibited_Pest,Prohibited pest: flies
vole control companies near me,Prohibited_Pest,Prohibited pest: voles / wildlife control
pest control near me orkin,Competitor_Brand,Competitor brand bidding: Orkin
wood bee exterminator near me,Prohibited_Pest,Prohibited pest: bees
vault fumigation near me,Wrong_Building_Type,Commercial/industrial vault fumigation rather than residential dwelling
trugreen pest control near me,Competitor_Brand,Competitor brand term
exterminator for ticks near me,Prohibited_Pest,Ticks not an approved household pest
box elder bug removal near me,Prohibited_Pest,Box elder bug not an approved pest
pest control for carpenter bees near me,Prohibited_Pest,Bees are strictly prohibited
exterminators bed bugs near me,Prohibited_Pest,Bed bugs are strictly prohibited
pest control ticks near me,Prohibited_Pest,Ticks not an approved pest
wasp and bee pest control near me,Prohibited_Pest,Wasps and bees are strictly prohibited
bed bug pest control companies near me,Prohibited_Pest,Bed bugs are strictly prohibited
bagworm exterminators near me,Prohibited_Pest,Bagworms not an approved household pest
removal of wasps nests near me,Prohibited_Pest,Wasps are strictly prohibited
orkin pest control near my location,Competitor_Brand,Competitor brand term Orkin
gopher exterminators in my area,Prohibited_Pest,Gophers are prohibited animal control/wildlife
24 hour critter removal near me,Prohibited_Pest,Critter/wildlife removal is prohibited
rentokil north america near me,Competitor_Brand,Competitor brand term Rentokil
industrial pest control services near me,Wrong_Building_Type,Industrial/commercial building type excluded
allgood pest control near me,Competitor_Brand,Competitor brand term Allgood
evergreen pest control near me,Competitor_Brand,Competitor brand term Evergreen
thermal pest control near me,Prohibited_Pest,Thermal pest control typically bed bug treatment
bee spraying service near me,Prohibited_Pest,Bees are strictly prohibited
drain flies exterminator near me,Prohibited_Pest,Drain flies are strictly prohibited
bird mite specialist near me,Prohibited_Pest,Mites of any kind are strictly prohibited
gypsy moth spraying near me,Prohibited_Pest,Gypsy moths are tree/outdoor pests not accepted clothes moths
thomas pest control near me,Competitor_Brand,Competitor brand term Thomas Pest Control
x terminator pest control near me,Competitor_Brand,Competitor brand term X-Terminator
orkin hours near me,Competitor_Brand,Competitor brand Orkin
mosquito mary's near me,Competitor_Brand,Competitor brand Mosquito Mary's
batzner near me,Competitor_Brand,Competitor brand Batzner
exterminator near me for flies,Prohibited_Pest,Flies are prohibited pests
mosquito pest control companies near me,Prohibited_Pest,Mosquitoes not an approved household pest
gypsy moth exterminator near me,Prohibited_Pest,Gypsy moths are tree/outdoor pests not accepted clothes moths
johnson pest control near me,Competitor_Brand,Competitor brand term Johnson Pest Control
lizard control services near me,Prohibited_Pest,Lizards are strictly prohibited
pest control wasp nest near me,Prohibited_Pest,Wasps are strictly prohibited
s and s termite,Competitor_Brand,Competitor brand term S and S Termite
bee gone pest control commercial,Competitor_Brand,Competitor brand and prohibited pest
organic tick spraying near me,Prohibited_Pest,Ticks not an approved household pest
ladybird pest control,Competitor_Brand,Competitor brand Ladybird Pest Control
exterminator near me for stink bugs,Prohibited_Pest,Stink bugs not an approved household pest
gopher trapping service near me,Prohibited_Pest,Gophers are prohibited animal control/wildlife
wasp nest disposal near me,Prohibited_Pest,Wasps are strictly prohibited
bed bug fumigation services near me,Prohibited_Pest,Bed bugs are strictly prohibited
economy pest control near me,Competitor_Brand,Competitor brand term Economy Pest Control
mosquito busters near me,Competitor_Brand,Competitor brand and prohibited pest
pest control near me for carpenter bees,Prohibited_Pest,Bees are strictly prohibited
pest control near me for ticks,Prohibited_Pest,Ticks not an approved household pest
rabbit exterminators near me,Prohibited_Pest,Rabbits are prohibited wildlife/animal control
cheap exterminator for bed bugs near me,Prohibited_Pest,Bed bugs are strictly prohibited
bedbugs treatment near me,Prohibited_Pest,Bed bugs are strictly prohibited
exterminator wasp near me,Prohibited_Pest,Wasps are strictly prohibited
cockroach killer gel near me,DIY,DIY product purchase intent
bee prevention near me,Prohibited_Pest,Bees are strictly prohibited
mosquito places near me,Prohibited_Pest,Mosquitoes not an approved household pest
mosquito yard control near me,Prohibited_Pest,Mosquitoes not an approved household pest
fly removal near me,Prohibited_Pest,Flies are prohibited pests
all bugs pest control,Competitor_Brand,Competitor brand All Bugs Pest Control
chem wise near me,Competitor_Brand,Competitor brand Chem-Wise
local bird removal services,Prohibited_Pest,Prohibited wildlife and bird removal
exterminators near me for carpenter bees,Prohibited_Pest,Prohibited pest: bees
press control services near me,Low_Intent,Irrelevant non-pest query typo
local bee removal company,Prohibited_Pest,Prohibited pest: bees
pest control near me for lizards,Prohibited_Pest,Prohibited pest: lizards
pest shield near me,Competitor_Brand,Competitor brand bidding prohibited: Pest Shield
contractors termite,Low_Intent,Unclear B2B contractor intent
professional flea control near me,Prohibited_Pest,Fleas not on approved pest list
solution for termites at home,DIY,Informational DIY intent
caterpillar exterminators near me,Prohibited_Pest,Prohibited pest: caterpillars
hi care termite,Competitor_Brand,Competitor brand bidding prohibited: HiCare
pallet fumigation services near me,Wrong_Building_Type,"Industrial commercial service, non-residential"
wasp nest removal in my area,Prohibited_Pest,Prohibited pest: wasps
bird mite pest control near me,Prohibited_Pest,Prohibited pest: bird mites
anay treatment near me,Low_Intent,Non-English foreign term low intent
misting pest control,Low_Intent,Ambiguous method/product intent
wildlife trapping company near me,Prohibited_Pest,Prohibited wildlife trapping
best gopher control near me,Prohibited_Pest,Prohibited wildlife: gophers
presto x pest control near me,Competitor_Brand,Competitor brand bidding prohibited: Presto-X
surrender bug killer near me,DIY,DIY retail pesticide product
udhai pest control,Competitor_Brand,Foreign/Competitor brand bidding prohibited
pest trapper near me,Prohibited_Pest,Prohibited animal trapping and wildlife control
pest control point,Low_Intent,Ambiguous low intent search term
springtail extermination near me,Prohibited_Pest,Prohibited pest: springtails
masonry bee removal near me,Prohibited_Pest,Prohibited pest: bees
permanent solution for termites,DIY,Informational DIY intent
flea treatment for home near me,Prohibited_Pest,Fleas not on approved pest list
chipmunk exterminators near me,Prohibited_Pest,Prohibited wildlife: chipmunks
pre construction termite treatment near me,Wrong_Building_Type,"Commercial builder contractor service, not existing residential"
permatreat near me,Competitor_Brand,Competitor brand bidding prohibited: PermaTreat
terminate pest control near me,Competitor_Brand,Competitor brand bidding prohibited: Terminate Pest Control
gypsy moth treatment near me,Prohibited_Pest,Prohibited tree/outdoor pest: gypsy moths
wil kil pest control near me,Competitor_Brand,Competitor brand bidding prohibited: Wil-Kil
hired killers near me,Low_Intent,Irrelevant non-service query
spraying for gypsy moths near me,Prohibited_Pest,Prohibited outdoor pest: gypsy moths
commercial pest management near me,Wrong_Building_Type,Prohibited commercial building type
steritech pest control near me,Competitor_Brand,Competitor brand bidding prohibited: Steritech
fastrac blox near me,DIY,DIY retail rodenticide purchase
anay control,Low_Intent,Foreign keyword low commercial intent
ace exterminating near me,Competitor_Brand,Competitor brand bidding prohibited: Ace Exterminating
bayer pest control near me,Competitor_Brand,Competitor brand bidding prohibited: Bayer
bed bug control companies near me,Prohibited_Pest,Prohibited pest: bed bugs
beetle control near me,Prohibited_Pest,Beetles not on approved pest list
best mosquito exterminator near me,Prohibited_Pest,Mosquitoes not on approved pest list
biological control of termites,DIY,Informational research intent
bird mite exterminators near me,Prohibited_Pest,Prohibited pest: bird mites
bt pesticide near me,DIY,DIY pesticide product purchase
bumble bee control near me,Prohibited_Pest,Prohibited pest: bees
central exterminating near me,Competitor_Brand,Competitor brand bidding prohibited: Central Exterminating
cicada killer wasp exterminator near me,Prohibited_Pest,Prohibited pest: wasps
cockroach gel near me,DIY,DIY retail gel bait purchase
covid fumigation services near me,Low_Intent,Sanitation/covid service not pest control
dixon pest control near me,Competitor_Brand,Competitor brand bidding prohibited: Dixon Pest Control
eco bed bug exterminator near me,Prohibited_Pest,Prohibited pest: bed bugs
eco bed bug exterminators near me,Prohibited_Pest,Prohibited pest: bed bugs
ecosmart ant and roach killer near me,DIY,DIY retail spray product
fumigation services for covid near me,Low_Intent,Sanitation/covid service not pest control
gnat nix near me,Prohibited_Pest,Prohibited pest: gnats / DIY product
gypsy moth control near me,Prohibited_Pest,Prohibited tree/outdoor pest: gypsy moths
honey bee exterminators near me,Prohibited_Pest,Prohibited pest: honeybees
invict gold cockroach gel near me,DIY,DIY retail roach gel product
lentrek termite,DIY,DIY termiticide chemical product
maxxthor ec near me,DIY,DIY pesticide chemical product
molecatcher near me,Prohibited_Pest,Prohibited animal control / wildlife
mosquito elimination near me,Prohibited_Pest,Mosquitoes not on approved pest list
mosquito eradicator near me,Prohibited_Pest,Mosquitoes not on approved pest list
pest control for foxes near me,Prohibited_Pest,Prohibited wildlife: foxes
pest control services for lizards near me,Prohibited_Pest,Prohibited pest: lizards
pestpop near me,Competitor_Brand,Competitor brand name
premise termite price,DIY,Product brand pricing research / DIY intent
professional flea removal near me,Prohibited_Pest,Fleas are not an approved pest
repairing termite damaged walls,Low_Intent,"Structural repair informational intent, not pest extermination service"
reptile control services near me,Prohibited_Pest,Reptile and wildlife control is strictly prohibited
sovereign pest control near me,Competitor_Brand,Competitor brand bidding strictly prohibited
spectracide termite stakes false positive,DIY,DIY product informational search
tata termite,Competitor_Brand,Brand name query
termite on wall treatment,DIY,DIY informational treatment query
terro wasp and hornet killer near me,Prohibited_Pest,Prohibited pests (wasps/hornets) and DIY retail product
zevo bug killer near me,DIY,Retail spray product brand / DIY intent
terminix pest & termite control,Competitor_Brand,Competitor brand bidding strictly prohibited
hulett pest control near me,Competitor_Brand,Competitor brand bidding strictly prohibited
bedbugs control services,Prohibited_Pest,Bed bugs are strictly prohibited
24 hour bed bug exterminator near me,Prohibited_Pest,Bed bugs are strictly prohibited
flick termite,Competitor_Brand,Competitor brand bidding strictly prohibited
fantastic services pest control,Competitor_Brand,Competitor brand bidding strictly prohibited
mosquito defense near me,Prohibited_Pest,Mosquitoes are not an approved pest
pestban near me,Competitor_Brand,Competitor brand bidding strictly prohibited
spectracide terminate termite killing stakes,DIY,Retail DIY product search
pest control for birds near me,Prohibited_Pest,Birds and wildlife removal are strictly prohibited
possum pest control near me,Prohibited_Pest,Possums / wildlife removal are strictly prohibited
critter exterminators near me,Prohibited_Pest,Critters and wildlife removal are strictly prohibited
local bee exterminators in my area,Prohibited_Pest,Bees are strictly prohibited
pest control pigeons near me,Prohibited_Pest,Pigeons / bird control are strictly prohibited
best pest control near me for bed bugs,Prohibited_Pest,Bed bugs are strictly prohibited
orkin near me prices,Competitor_Brand,Competitor brand bidding strictly prohibited
critter trapper near me,Prohibited_Pest,Critter / wildlife trapping is strictly prohibited
pest control birds near me,Prohibited_Pest,Bird control is strictly prohibited
pest control near me for mosquitoes,Prohibited_Pest,Mosquitoes are not an approved pest
bark pest control,Competitor_Brand,Competitor / directory brand bidding
bug guys pest control near me,Competitor_Brand,Competitor brand bidding
pest control mosquito near me,Prohibited_Pest,Mosquitoes are not an approved pest
pest control near me for squirrels,Prohibited_Pest,Squirrels / wildlife removal are strictly prohibited
lizard catcher near me,Prohibited_Pest,Lizards are strictly prohibited
pest control near me birds,Prohibited_Pest,Bird control is strictly prohibited
stink bug pest control near me,Prohibited_Pest,Stink bugs are not an approved pest
tick and mosquito treatment near me,Prohibited_Pest,Ticks and mosquitoes are strictly prohibited
wasp company near me,Prohibited_Pest,Wasps are strictly prohibited
woodpecker pest control services near me,Prohibited_Pest,Woodpeckers / wildlife control are strictly prohibited
fly control services near me,Prohibited_Pest,Flies are not an approved pest
vole control companies near me,Prohibited_Pest,Voles / wildlife control are strictly prohibited
pest control near me orkin,Competitor_Brand,Competitor brand bidding strictly prohibited
wood bee exterminator near me,Prohibited_Pest,Bees are strictly prohibited
vault fumigation near me,Wrong_Building_Type,Vault fumigation implies commercial or non-residential facility
trugreen pest control near me,Competitor_Brand,Competitor brand TruGreen
exterminator for ticks near me,Prohibited_Pest,Ticks are not on the accepted pest list
box elder bug removal near me,Prohibited_Pest,Box elder bugs are not accepted household pests
pest control for carpenter bees near me,Prohibited_Pest,Bees are strictly prohibited
exterminators bed bugs near me,Prohibited_Pest,Bed bugs are strictly prohibited
pest control ticks near me,Prohibited_Pest,Ticks are not accepted household pests
wasp and bee pest control near me,Prohibited_Pest,Wasps and bees are strictly prohibited
bed bug pest control companies near me,Prohibited_Pest,Bed bugs are strictly prohibited
bagworm exterminators near me,Prohibited_Pest,Bagworms are unaccepted outdoor pests
removal of wasps nests near me,Prohibited_Pest,Wasps are strictly prohibited
orkin pest control near my location,Competitor_Brand,Competitor brand Orkin
gopher exterminators in my area,Prohibited_Pest,Gophers/wildlife are strictly prohibited
24 hour critter removal near me,Prohibited_Pest,Critter/wildlife removal is strictly prohibited
rentokil north america near me,Competitor_Brand,Competitor brand Rentokil
industrial pest control services near me,Wrong_Building_Type,Industrial/commercial premises are prohibited
allgood pest control near me,Competitor_Brand,Competitor brand Allgood Pest Control
evergreen pest control near me,Competitor_Brand,Competitor brand Evergreen Pest Control
bee spraying service near me,Prohibited_Pest,Bees are strictly prohibited
drain flies exterminator near me,Prohibited_Pest,Drain flies are strictly prohibited
bird mite specialist near me,Prohibited_Pest,Mites of any kind are strictly prohibited
gypsy moth spraying near me,Prohibited_Pest,Gypsy moths are outside household clothes moths scope
thomas pest control near me,Competitor_Brand,Competitor brand Thomas Pest Control
orkin hours near me,Competitor_Brand,Competitor brand Orkin
mosquito mary's near me,Competitor_Brand,Competitor brand Mosquito Mary's and prohibited pest
batzner near me,Competitor_Brand,Competitor brand Batzner Pest Control
exterminator near me for flies,Prohibited_Pest,Flies are not accepted household pests
mosquito pest control companies near me,Prohibited_Pest,Mosquitoes are not accepted household pests
gypsy moth exterminator near me,Prohibited_Pest,"Gypsy moths are tree/outdoor pests, not household clothes moths"
johnson pest control near me,Competitor_Brand,Competitor brand Johnson Pest Control
lizard control services near me,Prohibited_Pest,Lizards are strictly prohibited
pest control wasp nest near me,Prohibited_Pest,Wasps are strictly prohibited
s and s termite,Competitor_Brand,Competitor brand S & S Termite
bee gone pest control commercial,Prohibited_Pest,Bees are strictly prohibited and contains commercial intent
organic tick spraying near me,Prohibited_Pest,Ticks are not accepted household pests
ladybird pest control,Competitor_Brand,Competitor brand Ladybird Pest Control
exterminator near me for stink bugs,Prohibited_Pest,Stink bugs are not accepted household pests
quality affordable pest control,Competitor_Brand,Competitor brand Quality Affordable Pest Control
the specialist pest control,Competitor_Brand,Competitor brand The Specialist Pest Control
gopher trapping service near me,Prohibited_Pest,Gophers are prohibited wildlife
wasp nest disposal near me,Prohibited_Pest,Wasps are strictly prohibited
bed bug fumigation services near me,Prohibited_Pest,Bed bugs are strictly prohibited
economy pest control near me,Competitor_Brand,Competitor brand Economy Pest Control
mosquito busters near me,Prohibited_Pest,Mosquitoes are prohibited and Mosquito Busters is a brand
pest control near me for carpenter bees,Prohibited_Pest,Bees are strictly prohibited
pest control near me for ticks,Prohibited_Pest,Ticks are not accepted household pests
rabbit exterminators near me,Prohibited_Pest,Rabbits/wildlife are strictly prohibited
cheap exterminator for bed bugs near me,Prohibited_Pest,Bed bugs are strictly prohibited
bedbugs treatment near me,Prohibited_Pest,Bed bugs are strictly prohibited
exterminator wasp near me,Prohibited_Pest,Wasps are strictly prohibited
cockroach killer gel near me,DIY,DIY product intent
bee prevention near me,Prohibited_Pest,Bees are strictly prohibited
mosquito places near me,Prohibited_Pest,Mosquitoes are not accepted household pests
mosquito yard control near me,Prohibited_Pest,Mosquitoes are not accepted household pests
fly removal near me,Prohibited_Pest,Flies are not accepted household pests
chem wise near me,Competitor_Brand,Competitor brand Chem-Wise
local bird removal services,Prohibited_Pest,Prohibited wildlife bird removal
exterminators near me for carpenter bees,Prohibited_Pest,Prohibited pest bees
press control services near me,Low_Intent,Irrelevant non-pest term press control
local bee removal company,Prohibited_Pest,Prohibited pest bees
pest control near me for lizards,Prohibited_Pest,Prohibited pest lizards
pest shield near me,Competitor_Brand,Competitor brand Pest Shield
professional flea control near me,Prohibited_Pest,Fleas not covered under accepted household pests
solution for termites at home,DIY,Informational DIY solution intent
caterpillar exterminators near me,Prohibited_Pest,Caterpillars not on accepted household pest list
hi care termite,Competitor_Brand,Competitor brand HiCare
pallet fumigation services near me,Wrong_Building_Type,Industrial commercial service intent pallet fumigation
wasp nest removal in my area,Prohibited_Pest,Prohibited pest wasps
bird mite pest control near me,Prohibited_Pest,Prohibited pest bird mites
misting pest control,Low_Intent,Low intent generic equipment misting
wildlife trapping company near me,Prohibited_Pest,Prohibited wildlife animal control
best gopher control near me,Prohibited_Pest,Prohibited wildlife gophers
presto x pest control near me,Competitor_Brand,Competitor brand Presto-X
surrender bug killer near me,DIY,DIY product purchase intent
pest trapper near me,Prohibited_Pest,Prohibited wildlife trapping intent
pest control point,Low_Intent,Low intent ambiguous query
springtail extermination near me,Prohibited_Pest,Springtails not covered under accepted household pests
masonry bee removal near me,Prohibited_Pest,Prohibited pest bees
permanent solution for termites,DIY,DIY informational intent
flea treatment for home near me,Prohibited_Pest,Fleas not on accepted household pest list
chipmunk exterminators near me,Prohibited_Pest,Prohibited wildlife chipmunks
permatreat near me,Competitor_Brand,Competitor brand PermaTreat
gypsy moth treatment near me,Prohibited_Pest,Gypsy moth is an agricultural/tree pest not accepted clothes moth
wil kil pest control near me,Competitor_Brand,Competitor brand Wil-Kil
hired killers near me,Low_Intent,Irrelevant query hired killers
spraying for gypsy moths near me,Prohibited_Pest,Gypsy moths are not accepted clothes moths
commercial pest management near me,Wrong_Building_Type,Prohibited commercial building scope
steritech pest control near me,Competitor_Brand,Competitor brand Steritech
fastrac blox near me,DIY,DIY rodenticide product query
ace exterminating near me,Competitor_Brand,Competitor brand Ace Exterminating
bayer pest control near me,Competitor_Brand,Brand bidding Bayer
bed bug control companies near me,Prohibited_Pest,Prohibited pest bed bugs
beetle control near me,Prohibited_Pest,Beetles not covered under accepted household pests
best mosquito exterminator near me,Prohibited_Pest,Mosquitoes not covered under accepted household pests
biological control of termites,DIY,Informational query
bird mite exterminators near me,Prohibited_Pest,Prohibited pest bird mites
bt pesticide near me,DIY,DIY pesticide product search
bumble bee control near me,Prohibited_Pest,Prohibited pest bees
central exterminating near me,Competitor_Brand,Competitor brand Central Exterminating
cicada killer wasp exterminator near me,Prohibited_Pest,Prohibited pest wasps
cockroach gel near me,DIY,DIY bait gel product query
covid fumigation services near me,Low_Intent,Sanitization service not pest control
dixon pest control near me,Competitor_Brand,Competitor brand Dixon Pest Control
eco bed bug exterminator near me,Prohibited_Pest,Prohibited pest bed bugs
eco bed bug exterminators near me,Prohibited_Pest,Prohibited pest bed bugs
ecosmart ant and roach killer near me,DIY,DIY insecticide spray product query
fumigation services for covid near me,Low_Intent,Sanitization service not pest control
gnat nix near me,Prohibited_Pest,Prohibited pest gnats and DIY product
gypsy moth control near me,Prohibited_Pest,Gypsy moth is an agricultural/tree pest not accepted clothes moth
honey bee exterminators near me,Prohibited_Pest,Prohibited pest honeybees
invict gold cockroach gel near me,DIY,DIY bait gel product query
lentrek termite,DIY,DIY termiticide chemical product
maxxthor ec near me,DIY,DIY pesticide product search
molecatcher near me,Prohibited_Pest,Prohibited wildlife mole catching
mosquito elimination near me,Prohibited_Pest,Mosquitoes not covered under accepted household pests
mosquito eradicator near me,Prohibited_Pest,Mosquitoes not covered under accepted household pests
pest control for foxes near me,Prohibited_Pest,Prohibited wildlife foxes
pest control services for lizards near me,Prohibited_Pest,Prohibited pest lizards
pestpop near me,Competitor_Brand,Competitor brand query
premise termite price,DIY,DIY product pricing query
professional flea removal near me,Prohibited_Pest,Prohibited pest: fleas
repairing termite damaged walls,Low_Intent,Structural repair informational query
reptile control services near me,Prohibited_Pest,Prohibited pest: wildlife / reptiles
sovereign pest control near me,Competitor_Brand,Competitor brand query
spectracide termite stakes false positive,DIY,DIY product informational query
tata termite,Competitor_Brand,Competitor product brand query
termite on wall treatment,DIY,DIY treatment informational query
terro wasp and hornet killer near me,Prohibited_Pest,Prohibited pest and DIY retail product
vikane fumigation near me,Competitor_Brand,Brand bidding prohibited
wood infestation inspection near me,Low_Intent,Inspection only / real estate closing query
zevo bug killer near me,DIY,DIY retail product query
terminix pest & termite control,Competitor_Brand,Competitor brand query
building and pest inspection near me,Low_Intent,Pre-purchase building inspection query
termite barrier cost,Low_Intent,Informational cost query
hulett pest control near me,Competitor_Brand,Competitor brand query
bedbugs control services,Prohibited_Pest,Prohibited pest: bed bugs
24 hour bed bug exterminator near me,Prohibited_Pest,Prohibited pest: bed bugs
npma 33 pest inspection near me,Low_Intent,Real estate HUD/VA inspection form query
flick termite,Competitor_Brand,Competitor brand query
fantastic services pest control,Competitor_Brand,Competitor brand query
bug exterminator near me cost,Low_Intent,Informational cost query
mosquito defense near me,Prohibited_Pest,Prohibited pest: mosquitoes
pestban near me,Competitor_Brand,Competitor brand query
spectracide terminate termite killing stakes,DIY,DIY retail product query
pest control for birds near me,Prohibited_Pest,Prohibited pest: birds / wildlife
attic pest removal service near me,Prohibited_Pest,Prohibited pest: wildlife / animal control
possum pest control near me,Prohibited_Pest,Prohibited pest: possums / wildlife
critter exterminators near me,Prohibited_Pest,Prohibited pest: wildlife / critters
local bee exterminators in my area,Prohibited_Pest,Prohibited pest: bees
pest control pigeons near me,Prohibited_Pest,Prohibited pest: birds / pigeons
best pest control near me for bed bugs,Prohibited_Pest,Prohibited pest: bed bugs
carpet and pest control near me,Low_Intent,End of lease tenant cleaning query
orkin near me prices,Competitor_Brand,Competitor brand query
critter trapper near me,Prohibited_Pest,Prohibited pest: wildlife trapping
pest control birds near me,Prohibited_Pest,Prohibited pest: birds
pest control near me for mosquitoes,Prohibited_Pest,Prohibited pest: mosquitoes
bark pest control,Competitor_Brand,Competitor lead directory brand
bug guys pest control near me,Competitor_Brand,Competitor brand query
pest control mosquito near me,Prohibited_Pest,Prohibited pest: mosquitoes
pest control near me for squirrels,Prohibited_Pest,Prohibited pest: squirrels / wildlife
lizard catcher near me,Prohibited_Pest,Prohibited pest: lizards
building and pest inspections near me,Low_Intent,Pre-purchase building inspection query
pest control near me birds,Prohibited_Pest,Prohibited pest: birds
pest control charges near me,Low_Intent,Informational price query
termite pre treatment for new construction near me,Low_Intent,New construction / commercial builder query
stink bug pest control near me,Prohibited_Pest,Prohibited pest: stink bugs
tick and mosquito treatment near me,Prohibited_Pest,Prohibited pest: ticks and mosquitoes
termite solutions pest control,Competitor_Brand,Competitor brand query
wasp company near me,Prohibited_Pest,Prohibited pest: wasps
woodpecker pest control services near me,Prohibited_Pest,Prohibited pest: woodpeckers / birds
fly control services near me,Prohibited_Pest,Prohibited pest: flies
vole control companies near me,Prohibited_Pest,Prohibited pest: voles / wildlife
pest control near me orkin,Competitor_Brand,Competitor brand query
wood bee exterminator near me,Unmatched,Unmatched filter rule
home fumigation services near me,Unmatched,Unmatched filter rule
green pest control companies near me,Unmatched,Unmatched filter rule
vault fumigation near me,Unmatched,Unmatched filter rule
mice extermination companies near me,Unmatched,Unmatched filter rule
vermin pest control near me,Unmatched,Unmatched filter rule
trugreen pest control near me,Unmatched,Unmatched filter rule
insect specialist near me,Unmatched,Unmatched filter rule
exterminator for ticks near me,Unmatched,Unmatched filter rule
box elder bug removal near me,Unmatched,Unmatched filter rule
pet safe exterminators near me,Unmatched,Unmatched filter rule
pest control near to me,Unmatched,Unmatched filter rule
control pest control near me,Unmatched,Unmatched filter rule
pest control for carpenter bees near me,Unmatched,Unmatched filter rule
local termite inspection companies,Unmatched,Unmatched filter rule
exterminators bed bugs near me,Unmatched,Unmatched filter rule
pest control ticks near me,Unmatched,Unmatched filter rule
roach inspections near me,Unmatched,Unmatched filter rule
wasp and bee pest control near me,Unmatched,Unmatched filter rule
general pest control treatment,Unmatched,Unmatched filter rule
bed bug pest control companies near me,Unmatched,Unmatched filter rule
professional rat removal near me,Unmatched,Unmatched filter rule
moth removal service near me,Unmatched,Unmatched filter rule
bagworm exterminators near me,Unmatched,Unmatched filter rule
flying ant exterminator near me,Unmatched,Unmatched filter rule
removal of wasps nests near me,Unmatched,Unmatched filter rule
orkin pest control near my location,Unmatched,Unmatched filter rule
gopher exterminators in my area,Unmatched,Unmatched filter rule
24 hour critter removal near me,Unmatched,Unmatched filter rule
rentokil north america near me,Unmatched,Unmatched filter rule
industrial pest control services near me,Unmatched,Unmatched filter rule
allgood pest control near me,Unmatched,Unmatched filter rule
pest control for termites price,Unmatched,Unmatched filter rule
evergreen pest control near me,Unmatched,Unmatched filter rule
thermal pest control near me,Unmatched,Unmatched filter rule
bee spraying service near me,Unmatched,Unmatched filter rule
rodent removal in my area,Unmatched,Unmatched filter rule
near by pest control,Unmatched,Unmatched filter rule
drain flies exterminator near me,Unmatched,Unmatched filter rule
exterminateur near me,Unmatched,Unmatched filter rule
bird mite specialist near me,Unmatched,Unmatched filter rule
infestation control near me,Unmatched,Unmatched filter rule
roach exterminators in my area,Unmatched,Unmatched filter rule
gypsy moth spraying near me,Unmatched,Unmatched filter rule
pest killers near me,Unmatched,Unmatched filter rule
insecticide service near me,Unmatched,Unmatched filter rule
moth fumigation near me,Unmatched,Unmatched filter rule
thomas pest control near me,Unmatched,Unmatched filter rule
x terminator pest control near me,Unmatched,Unmatched filter rule
vermin catcher near me,Unmatched,Unmatched filter rule
orkin hours near me,Unmatched,Unmatched filter rule
mosquito mary's near me,Unmatched,Unmatched filter rule
pest control firms near me,Unmatched,Unmatched filter rule
batzner near me,Unmatched,Unmatched filter rule
exterminator near me for flies,Unmatched,Unmatched filter rule
mosquito pest control companies near me,Unmatched,Unmatched filter rule
deemak pest control,Unmatched,Unmatched filter rule
carpet moth treatment near me,Unmatched,Unmatched filter rule
gypsy moth exterminator near me,Unmatched,Unmatched filter rule
johnson pest control near me,Unmatched,Unmatched filter rule
lizard control services near me,Unmatched,Unmatched filter rule
pest control wasp nest near me,Unmatched,Unmatched filter rule
humane rat catcher near me,Unmatched,Unmatched filter rule
tenting for termites near me,Unmatched,Unmatched filter rule
pest control near me for home,Unmatched,Unmatched filter rule
closest pest control to me,Unmatched,Unmatched filter rule
exterminator near me for carpenter ants,Unmatched,Unmatched filter rule
s and s termite,Unmatched,Unmatched filter rule
bee gone pest control commercial,Unmatched,Unmatched filter rule
wood fumigation services near me,Unmatched,Unmatched filter rule
organic tick spraying near me,Unmatched,Unmatched filter rule
ladybird pest control,Unmatched,Unmatched filter rule
exterminator near me for stink bugs,Unmatched,Unmatched filter rule
quality affordable pest control,Unmatched,Unmatched filter rule
the specialist pest control,Unmatched,Unmatched filter rule
for cockroach pest control,Unmatched,Unmatched filter rule
gopher trapping service near me,Unmatched,Unmatched filter rule
wasp nest disposal near me,Unmatched,Unmatched filter rule
insect treatment companies near me,Unmatched,Unmatched filter rule
bed bug fumigation services near me,Unmatched,Unmatched filter rule
outdoor exterminators near me,Unmatched,Unmatched filter rule
economy pest control near me,Unmatched,Unmatched filter rule
natural ant exterminator near me,Unmatched,Unmatched filter rule
mosquito busters near me,Unmatched,Unmatched filter rule
natural termite control near me,Unmatched,Unmatched filter rule
pest inspection cost near me,Unmatched,Unmatched filter rule
pest control near me for carpenter bees,Unmatched,Unmatched filter rule
termite treatment at home price,Unmatched,Unmatched filter rule
pest control near me for ticks,Unmatched,Unmatched filter rule
pest control services for rats near me,Unmatched,Unmatched filter rule
rabbit exterminators near me,Unmatched,Unmatched filter rule
cheap exterminator for bed bugs near me,Unmatched,Unmatched filter rule
bedbugs treatment near me,Unmatched,Unmatched filter rule
kitchen pest control near me,Unmatched,Unmatched filter rule
exterminator wasp near me,Unmatched,Unmatched filter rule
cockroach killer gel near me,Unmatched,Unmatched filter rule
get rid of rats near me,Unmatched,Unmatched filter rule
bee prevention near me,Unmatched,Unmatched filter rule
terminator company near me,Unmatched,Unmatched filter rule
mosquito places near me,Unmatched,Unmatched filter rule
mosquito yard control near me,Unmatched,Unmatched filter rule
fly removal near me,Unmatched,Unmatched filter rule
all bugs pest control,Unmatched,Unmatched filter rule
chem wise near me,Unmatched,Unmatched filter rule
local bird removal services,Unmatched,Unmatched filter rule
closest exterminator to my location,Unmatched,Unmatched filter rule
termite treatment at home near me,Unmatched,Unmatched filter rule
exterminators near me for carpenter bees,Unmatched,Unmatched filter rule
press control services near me,Unmatched,Unmatched filter rule
local bee removal company,Unmatched,Unmatched filter rule
pest management professional near me,Unmatched,Unmatched filter rule
pest control services around me,Unmatched,Unmatched filter rule
pest control near me for lizards,Unmatched,Unmatched filter rule
pest shield near me,Unmatched,Unmatched filter rule
contractors termite,Unmatched,Unmatched filter rule
professional flea control near me,Unmatched,Unmatched filter rule
solution for termites at home,Unmatched,Unmatched filter rule
caterpillar exterminators near me,Unmatched,Unmatched filter rule
hi care termite,Unmatched,Unmatched filter rule
pallet fumigation services near me,Unmatched,Unmatched filter rule
exterminator for centipedes near me,Unmatched,Unmatched filter rule
wasp nest removal in my area,Unmatched,Unmatched filter rule
bird mite pest control near me,Unmatched,Unmatched filter rule
anay treatment near me,Unmatched,Unmatched filter rule
misting pest control,Unmatched,Unmatched filter rule
wildlife trapping company near me,Unmatched,Unmatched filter rule
pest control for red ants near me,Unmatched,Unmatched filter rule
best gopher control near me,Unmatched,Unmatched filter rule
licensed pest inspector near me,Unmatched,Unmatched filter rule
presto x pest control near me,Unmatched,Unmatched filter rule
surrender bug killer near me,Unmatched,Unmatched filter rule
udhai pest control,Unmatched,Unmatched filter rule
pest trapper near me,Unmatched,Unmatched filter rule
pest control point,Unmatched,Unmatched filter rule
springtail extermination near me,Unmatched,Unmatched filter rule
masonry bee removal near me,Unmatched,Unmatched filter rule
top 10 pest control near me,Unmatched,Unmatched filter rule
permanent solution for termites,Unmatched,Unmatched filter rule
flea treatment for home near me,Unmatched,Unmatched filter rule
chipmunk exterminators near me,Unmatched,Unmatched filter rule
pre construction termite treatment near me,Unmatched,Unmatched filter rule
green termite control,Unmatched,Unmatched filter rule
earwig control near me,Unmatched,Unmatched filter rule
permatreat near me,Unmatched,Unmatched filter rule
terminate pest control near me,Unmatched,Unmatched filter rule
gypsy moth treatment near me,Unmatched,Unmatched filter rule
wil kil pest control near me,Unmatched,Unmatched filter rule
perimeter pest control services near me,Unmatched,Unmatched filter rule
anti termite near me,Unmatched,Unmatched filter rule
hired killers near me,Unmatched,Unmatched filter rule
spraying for gypsy moths near me,Unmatched,Unmatched filter rule
commercial pest management near me,Unmatched,Unmatched filter rule
steritech pest control near me,Unmatched,Unmatched filter rule
bug control in my area,Unmatched,Unmatched filter rule
fastrac blox near me,Unmatched,Unmatched filter rule
anay control,Unmatched,Unmatched filter rule
millipede pest control near me,Unmatched,Unmatched filter rule
ace exterminating near me,Unmatched,Unmatched filter rule
ant pest control services near me,Unmatched,Unmatched filter rule
ant removal companies near me,Unmatched,Unmatched filter rule
bayer pest control near me,Unmatched,Unmatched filter rule
bed bug control companies near me,Unmatched,Unmatched filter rule
beetle control near me,Unmatched,Unmatched filter rule
best mosquito exterminator near me,Unmatched,Unmatched filter rule
biological control of termites,Unmatched,Unmatched filter rule
bird mite exterminators near me,Unmatched,Unmatched filter rule
bt pesticide near me,Unmatched,Unmatched filter rule
bumble bee control near me,Unmatched,Unmatched filter rule
centipede removal near me,Unmatched,Unmatched filter rule
central exterminating near me,Unmatched,Unmatched filter rule
cheap exterminator for mice near me,Unmatched,Unmatched filter rule
cicada killer wasp exterminator near me,Unmatched,Unmatched filter rule
cockroach gel near me,Unmatched,Unmatched filter rule
cockroach infestation near me,Unmatched,Unmatched filter rule
covid fumigation services near me,Unmatched,Unmatched filter rule
dixon pest control near me,Unmatched,Unmatched filter rule
eco bed bug exterminator near me,Unmatched,Unmatched filter rule
eco bed bug exterminators near me,Unmatched,Unmatched filter rule
ecosmart ant and roach killer near me,Unmatched,Unmatched filter rule
exterminator prices for mice near me,Unmatched,Unmatched filter rule
fire ant removal near me,Unmatched,Unmatched filter rule
fumigation services for covid near me,Unmatched,Unmatched filter rule
fumigation team near me,Unmatched,Unmatched filter rule
gnat nix near me,Unmatched,Unmatched filter rule
gypsy moth control near me,Unmatched,Unmatched filter rule
honey bee exterminators near me,Unmatched,Unmatched filter rule
house and home pest control,Unmatched,Unmatched filter rule
insect expert near me,Unmatched,Unmatched filter rule
invict gold cockroach gel near me,Unmatched,Unmatched filter rule
lentrek termite,Unmatched,Unmatched filter rule
local rodent removal companies,Unmatched,Unmatched filter rule
maxxthor ec near me,Unmatched,Unmatched filter rule
molecatcher near me,Unmatched,Unmatched filter rule
mosquito elimination near me,Unmatched,Unmatched filter rule
mosquito eradicator near me,Unmatched,Unmatched filter rule
near me pest control services,Unmatched,Unmatched filter rule
odorous ant control near me,Unmatched,Unmatched filter rule
pest control at home near me,Unmatched,Unmatched filter rule
pest control for foxes near me,Unmatched,Unmatched filter rule
pest control near you,Unmatched,Unmatched filter rule
pest control services for lizards near me,Unmatched,Unmatched filter rule
pest control services near by me,Unmatched,Unmatched filter rule
pest extermination service near me,Unmatched,Unmatched filter rule
pest removal in my area,Unmatched,Unmatched filter rule
pestpop near me,Unmatched,Unmatched filter rule
premise termite price,Unmatched,Unmatched filter rule
professional flea removal near me,Unmatched,Unmatched filter rule
repairing termite damaged walls,Unmatched,Unmatched filter rule
reptile control services near me,Unmatched,Unmatched filter rule
safe pest control companies near me,Unmatched,Unmatched filter rule
silverfish control near me,Unmatched,Unmatched filter rule
sovereign pest control near me,Unmatched,Unmatched filter rule
spectracide termite stakes false positive,Unmatched,Unmatched filter rule
tata termite,Unmatched,Unmatched filter rule
termite companies around me,Unmatched,Unmatched filter rule
termite control normal,Unmatched,Unmatched filter rule
termite control termite inspection near me,Unmatched,Unmatched filter rule
termite control windsor,Unmatched,Unmatched filter rule
termite exterminator termite inspection near me,Unmatched,Unmatched filter rule
termite on wall treatment,Unmatched,Unmatched filter rule
termite treatment normal,Unmatched,Unmatched filter rule
termite treatment termite inspection near me,Unmatched,Unmatched filter rule
terro wasp and hornet killer near me,Unmatched,Unmatched filter rule
top rated pest control annandale,Unmatched,Unmatched filter rule
top ten pest control companies near me,Unmatched,Unmatched filter rule
vikane fumigation near me,Unmatched,Unmatched filter rule
wood infestation inspection near me,Unmatched,Unmatched filter rule
zevo bug killer near me,Unmatched,Unmatched filter rule
terminix pest & termite control,Unmatched,Unmatched filter rule
building and pest inspection near me,Unmatched,Unmatched filter rule
24 hour emergency pest control near me,Unmatched,Unmatched filter rule
24 hour pest control services near me,Unmatched,Unmatched filter rule
termite barrier cost,Unmatched,Unmatched filter rule
hulett pest control near me,Unmatched,Unmatched filter rule
rat company near me,Unmatched,Unmatched filter rule
bedbugs control services,Unmatched,Unmatched filter rule
24 hour bed bug exterminator near me,Unmatched,Unmatched filter rule
npma 33 pest inspection near me,Unmatched,Unmatched filter rule
termite inspection central coast,Unmatched,Unmatched filter rule
rat trappers near me,Unmatched,Unmatched filter rule
cheap mice exterminators near me,Unmatched,Unmatched filter rule
flick termite,Unmatched,Unmatched filter rule
fantastic services pest control,Unmatched,Unmatched filter rule
bug exterminator near me cost,Unmatched,Unmatched filter rule
mosquito defense near me,Unmatched,Unmatched filter rule
deemak control,Unmatched,Unmatched filter rule
eco friendly termite control near me,Unmatched,Unmatched filter rule
pestban near me,Unmatched,Unmatched filter rule
exterminator near me 24 hours,Unmatched,Unmatched filter rule
termite removal companies near me,Unmatched,Unmatched filter rule
spectracide terminate termite killing stakes,Unmatched,Unmatched filter rule
pest control for birds near me,Unmatched,Unmatched filter rule
attic pest removal service near me,Unmatched,Unmatched filter rule
possum pest control near me,Unmatched,Unmatched filter rule
critter exterminators near me,Unmatched,Unmatched filter rule
local pest experts,Unmatched,Unmatched filter rule
white ant treatment near me,Unmatched,Unmatched filter rule
local bee exterminators in my area,Unmatched,Unmatched filter rule
pest control pigeons near me,Unmatched,Unmatched filter rule
termite protection barrier,Unmatched,Unmatched filter rule
termite pest inspection near me,Unmatched,Unmatched filter rule
best pest control near me for bed bugs,Unmatched,Unmatched filter rule
carpet and pest control near me,Unmatched,Unmatched filter rule
nearest exterminator near me,Unmatched,Unmatched filter rule
orkin near me prices,Unmatched,Unmatched filter rule
pest control near by me,Unmatched,Unmatched filter rule
anti termite treatment near me,Unmatched,Unmatched filter rule
critter trapper near me,Unmatched,Unmatched filter rule
pest control birds near me,Unmatched,Unmatched filter rule
roof rat control near me,Unmatched,Unmatched filter rule
pest control near me for mosquitoes,Unmatched,Unmatched filter rule
nearest pest control to me,Unmatched,Unmatched filter rule
bark pest control,Unmatched,Unmatched filter rule
cheap exterminator for roaches near me,Unmatched,Unmatched filter rule
bug guys pest control near me,Unmatched,Unmatched filter rule
pest control mosquito near me,Unmatched,Unmatched filter rule
pest control near me for squirrels,Unmatched,Unmatched filter rule
rat killer service near me,Unmatched,Unmatched filter rule
organic termite control near me,Unmatched,Unmatched filter rule
lizard catcher near me,Unmatched,Unmatched filter rule
best fumigation company,Unmatched,Unmatched filter rule
house tenting for termites near me,Unmatched,Unmatched filter rule
best pest control near me for rats,Unmatched,Unmatched filter rule
cockroach pest control services near me,Unmatched,Unmatched filter rule
pest control natural near me,Unmatched,Unmatched filter rule
building and pest inspections near me,Unmatched,Unmatched filter rule
pest control near me birds,Unmatched,Unmatched filter rule
domestic pest control near me,Unmatched,Unmatched filter rule
pest control charges near me,Unmatched,Unmatched filter rule
termite pre treatment for new construction near me,Unmatched,Unmatched filter rule
stink bug pest control near me,Unmatched,Unmatched filter rule
cheap fumigation near me,Unmatched,Unmatched filter rule
tick and mosquito treatment near me,Unmatched,Unmatched filter rule
local pest control companies in my area,Unmatched,Unmatched filter rule
termite solutions pest control,Unmatched,Unmatched filter rule
wasp company near me,Unmatched,Unmatched filter rule
mice fumigation near me,Unmatched,Unmatched filter rule
in wall pest control near me,Unmatched,Unmatched filter rule
woodpecker pest control services near me,Unmatched,Unmatched filter rule
fly control services near me,Unmatched,Unmatched filter rule
vole control companies near me,Unmatched,Unmatched filter rule
pest control near me orkin,Unmatched,Unmatched filter rule
wood bee exterminator near me,Unmatched,Unmatched filter rule
home fumigation services near me,Unmatched,Unmatched filter rule
green pest control companies near me,Unmatched,Unmatched filter rule
vault fumigation near me,Unmatched,Unmatched filter rule
mice extermination companies near me,Unmatched,Unmatched filter rule
vermin pest control near me,Unmatched,Unmatched filter rule
trugreen pest control near me,Unmatched,Unmatched filter rule
insect specialist near me,Unmatched,Unmatched filter rule
exterminator for ticks near me,Unmatched,Unmatched filter rule
box elder bug removal near me,Unmatched,Unmatched filter rule
pet safe exterminators near me,Unmatched,Unmatched filter rule
pest control near to me,Unmatched,Unmatched filter rule
control pest control near me,Unmatched,Unmatched filter rule
pest control for carpenter bees near me,Unmatched,Unmatched filter rule
local termite inspection companies,Unmatched,Unmatched filter rule
exterminators bed bugs near me,Unmatched,Unmatched filter rule
pest control ticks near me,Unmatched,Unmatched filter rule
roach inspections near me,Unmatched,Unmatched filter rule
wasp and bee pest control near me,Unmatched,Unmatched filter rule
general pest control treatment,Unmatched,Unmatched filter rule
bed bug pest control companies near me,Unmatched,Unmatched filter rule
professional rat removal near me,Unmatched,Unmatched filter rule
moth removal service near me,Unmatched,Unmatched filter rule
bagworm exterminators near me,Unmatched,Unmatched filter rule
flying ant exterminator near me,Unmatched,Unmatched filter rule
removal of wasps nests near me,Unmatched,Unmatched filter rule
orkin pest control near my location,Unmatched,Unmatched filter rule
gopher exterminators in my area,Unmatched,Unmatched filter rule
24 hour critter removal near me,Unmatched,Unmatched filter rule
rentokil north america near me,Unmatched,Unmatched filter rule
industrial pest control services near me,Unmatched,Unmatched filter rule
allgood pest control near me,Unmatched,Unmatched filter rule
pest control for termites price,Unmatched,Unmatched filter rule
evergreen pest control near me,Unmatched,Unmatched filter rule
thermal pest control near me,Unmatched,Unmatched filter rule
bee spraying service near me,Unmatched,Unmatched filter rule
rodent removal in my area,Unmatched,Unmatched filter rule
near by pest control,Unmatched,Unmatched filter rule
drain flies exterminator near me,Unmatched,Unmatched filter rule
exterminateur near me,Unmatched,Unmatched filter rule
bird mite specialist near me,Unmatched,Unmatched filter rule
infestation control near me,Unmatched,Unmatched filter rule
roach exterminators in my area,Unmatched,Unmatched filter rule
gypsy moth spraying near me,Unmatched,Unmatched filter rule
pest killers near me,Unmatched,Unmatched filter rule
insecticide service near me,Unmatched,Unmatched filter rule
moth fumigation near me,Unmatched,Unmatched filter rule
thomas pest control near me,Unmatched,Unmatched filter rule
x terminator pest control near me,Unmatched,Unmatched filter rule
vermin catcher near me,Unmatched,Unmatched filter rule
orkin hours near me,Unmatched,Unmatched filter rule
mosquito mary's near me,Unmatched,Unmatched filter rule
pest control firms near me,Unmatched,Unmatched filter rule
batzner near me,Unmatched,Unmatched filter rule
exterminator near me for flies,Unmatched,Unmatched filter rule
mosquito pest control companies near me,Unmatched,Unmatched filter rule
deemak pest control,Unmatched,Unmatched filter rule
carpet moth treatment near me,Unmatched,Unmatched filter rule
gypsy moth exterminator near me,Unmatched,Unmatched filter rule
johnson pest control near me,Unmatched,Unmatched filter rule
lizard control services near me,Unmatched,Unmatched filter rule
pest control wasp nest near me,Unmatched,Unmatched filter rule
humane rat catcher near me,Unmatched,Unmatched filter rule
tenting for termites near me,Unmatched,Unmatched filter rule
pest control near me for home,Unmatched,Unmatched filter rule
closest pest control to me,Unmatched,Unmatched filter rule
exterminator near me for carpenter ants,Unmatched,Unmatched filter rule
s and s termite,Unmatched,Unmatched filter rule
bee gone pest control commercial,Unmatched,Unmatched filter rule
wood fumigation services near me,Unmatched,Unmatched filter rule
organic tick spraying near me,Unmatched,Unmatched filter rule
ladybird pest control,Unmatched,Unmatched filter rule
exterminator near me for stink bugs,Unmatched,Unmatched filter rule
quality affordable pest control,Unmatched,Unmatched filter rule
the specialist pest control,Unmatched,Unmatched filter rule
for cockroach pest control,Unmatched,Unmatched filter rule
gopher trapping service near me,Unmatched,Unmatched filter rule
wasp nest disposal near me,Unmatched,Unmatched filter rule
insect treatment companies near me,Unmatched,Unmatched filter rule
bed bug fumigation services near me,Unmatched,Unmatched filter rule
outdoor exterminators near me,Unmatched,Unmatched filter rule
economy pest control near me,Unmatched,Unmatched filter rule
natural ant exterminator near me,Unmatched,Unmatched filter rule
mosquito busters near me,Unmatched,Unmatched filter rule
natural termite control near me,Unmatched,Unmatched filter rule
pest inspection cost near me,Unmatched,Unmatched filter rule
pest control near me for carpenter bees,Unmatched,Unmatched filter rule
termite treatment at home price,Unmatched,Unmatched filter rule
pest control near me for ticks,Unmatched,Unmatched filter rule
pest control services for rats near me,Unmatched,Unmatched filter rule
rabbit exterminators near me,Unmatched,Unmatched filter rule
cheap exterminator for bed bugs near me,Unmatched,Unmatched filter rule
bedbugs treatment near me,Unmatched,Unmatched filter rule
kitchen pest control near me,Unmatched,Unmatched filter rule
exterminator wasp near me,Unmatched,Unmatched filter rule
cockroach killer gel near me,Unmatched,Unmatched filter rule
get rid of rats near me,Unmatched,Unmatched filter rule
bee prevention near me,Unmatched,Unmatched filter rule
terminator company near me,Unmatched,Unmatched filter rule
mosquito places near me,Unmatched,Unmatched filter rule
mosquito yard control near me,Unmatched,Unmatched filter rule
fly removal near me,Unmatched,Unmatched filter rule
all bugs pest control,Unmatched,Unmatched filter rule
chem wise near me,Unmatched,Unmatched filter rule
local bird removal services,Unmatched,Unmatched filter rule
closest exterminator to my location,Unmatched,Unmatched filter rule
termite treatment at home near me,Unmatched,Unmatched filter rule
exterminators near me for carpenter bees,Unmatched,Unmatched filter rule
press control services near me,Unmatched,Unmatched filter rule
local bee removal company,Unmatched,Unmatched filter rule
pest management professional near me,Unmatched,Unmatched filter rule
pest control services around me,Unmatched,Unmatched filter rule
pest control near me for lizards,Unmatched,Unmatched filter rule
pest shield near me,Unmatched,Unmatched filter rule
contractors termite,Unmatched,Unmatched filter rule
professional flea control near me,Unmatched,Unmatched filter rule
solution for termites at home,Unmatched,Unmatched filter rule
caterpillar exterminators near me,Unmatched,Unmatched filter rule
hi care termite,Unmatched,Unmatched filter rule
pallet fumigation services near me,Unmatched,Unmatched filter rule
exterminator for centipedes near me,Unmatched,Unmatched filter rule
wasp nest removal in my area,Unmatched,Unmatched filter rule
bird mite pest control near me,Unmatched,Unmatched filter rule
anay treatment near me,Unmatched,Unmatched filter rule
misting pest control,Unmatched,Unmatched filter rule
wildlife trapping company near me,Unmatched,Unmatched filter rule
pest control for red ants near me,Unmatched,Unmatched filter rule
best gopher control near me,Unmatched,Unmatched filter rule
licensed pest inspector near me,Unmatched,Unmatched filter rule
presto x pest control near me,Unmatched,Unmatched filter rule
surrender bug killer near me,Unmatched,Unmatched filter rule
udhai pest control,Unmatched,Unmatched filter rule
pest trapper near me,Unmatched,Unmatched filter rule
pest control point,Unmatched,Unmatched filter rule
springtail extermination near me,Unmatched,Unmatched filter rule
masonry bee removal near me,Unmatched,Unmatched filter rule
top 10 pest control near me,Unmatched,Unmatched filter rule
permanent solution for termites,Unmatched,Unmatched filter rule
flea treatment for home near me,Unmatched,Unmatched filter rule
chipmunk exterminators near me,Unmatched,Unmatched filter rule
pre construction termite treatment near me,Unmatched,Unmatched filter rule
green termite control,Unmatched,Unmatched filter rule
earwig control near me,Unmatched,Unmatched filter rule
permatreat near me,Unmatched,Unmatched filter rule
terminate pest control near me,Unmatched,Unmatched filter rule
gypsy moth treatment near me,Unmatched,Unmatched filter rule
wil kil pest control near me,Unmatched,Unmatched filter rule
perimeter pest control services near me,Unmatched,Unmatched filter rule
anti termite near me,Unmatched,Unmatched filter rule
hired killers near me,Unmatched,Unmatched filter rule
spraying for gypsy moths near me,Unmatched,Unmatched filter rule
commercial pest management near me,Unmatched,Unmatched filter rule
steritech pest control near me,Unmatched,Unmatched filter rule
bug control in my area,Unmatched,Unmatched filter rule
fastrac blox near me,Unmatched,Unmatched filter rule
anay control,Unmatched,Unmatched filter rule
millipede pest control near me,Unmatched,Unmatched filter rule
ace exterminating near me,Unmatched,Unmatched filter rule
ant pest control services near me,Unmatched,Unmatched filter rule
ant removal companies near me,Unmatched,Unmatched filter rule
bayer pest control near me,Unmatched,Unmatched filter rule
bed bug control companies near me,Unmatched,Unmatched filter rule
beetle control near me,Unmatched,Unmatched filter rule
best mosquito exterminator near me,Unmatched,Unmatched filter rule
biological control of termites,Unmatched,Unmatched filter rule
bird mite exterminators near me,Unmatched,Unmatched filter rule
bt pesticide near me,Unmatched,Unmatched filter rule
bumble bee control near me,Unmatched,Unmatched filter rule
centipede removal near me,Unmatched,Unmatched filter rule
central exterminating near me,Unmatched,Unmatched filter rule
cheap exterminator for mice near me,Unmatched,Unmatched filter rule
cicada killer wasp exterminator near me,Unmatched,Unmatched filter rule
cockroach gel near me,Unmatched,Unmatched filter rule
cockroach infestation near me,Unmatched,Unmatched filter rule
covid fumigation services near me,Unmatched,Unmatched filter rule
dixon pest control near me,Unmatched,Unmatched filter rule
eco bed bug exterminator near me,Unmatched,Unmatched filter rule
eco bed bug exterminators near me,Unmatched,Unmatched filter rule
ecosmart ant and roach killer near me,Unmatched,Unmatched filter rule
exterminator prices for mice near me,Unmatched,Unmatched filter rule
fire ant removal near me,Unmatched,Unmatched filter rule
fumigation services for covid near me,Unmatched,Unmatched filter rule
fumigation team near me,Unmatched,Unmatched filter rule
gnat nix near me,Unmatched,Unmatched filter rule
gypsy moth control near me,Unmatched,Unmatched filter rule
honey bee exterminators near me,Unmatched,Unmatched filter rule
house and home pest control,Unmatched,Unmatched filter rule
insect expert near me,Unmatched,Unmatched filter rule
invict gold cockroach gel near me,Unmatched,Unmatched filter rule
lentrek termite,Unmatched,Unmatched filter rule
local rodent removal companies,Unmatched,Unmatched filter rule
maxxthor ec near me,Unmatched,Unmatched filter rule
molecatcher near me,Unmatched,Unmatched filter rule
mosquito elimination near me,Unmatched,Unmatched filter rule
mosquito eradicator near me,Unmatched,Unmatched filter rule
near me pest control services,Unmatched,Unmatched filter rule
odorous ant control near me,Unmatched,Unmatched filter rule
pest control at home near me,Unmatched,Unmatched filter rule
pest control for foxes near me,Unmatched,Unmatched filter rule
pest control near you,Unmatched,Unmatched filter rule
pest control services for lizards near me,Unmatched,Unmatched filter rule
pest control services near by me,Unmatched,Unmatched filter rule
pest extermination service near me,Unmatched,Unmatched filter rule
pest removal in my area,Unmatched,Unmatched filter rule
pestpop near me,Unmatched,Unmatched filter rule
premise termite price,Unmatched,Unmatched filter rule
professional flea removal near me,Unmatched,Unmatched filter rule
repairing termite damaged walls,Unmatched,Unmatched filter rule
reptile control services near me,Unmatched,Unmatched filter rule
safe pest control companies near me,Unmatched,Unmatched filter rule
silverfish control near me,Unmatched,Unmatched filter rule
sovereign pest control near me,Unmatched,Unmatched filter rule
spectracide termite stakes false positive,Unmatched,Unmatched filter rule
tata termite,Unmatched,Unmatched filter rule
termite companies around me,Unmatched,Unmatched filter rule
termite control normal,Unmatched,Unmatched filter rule
termite control termite inspection near me,Unmatched,Unmatched filter rule
termite control windsor,Unmatched,Unmatched filter rule
termite exterminator termite inspection near me,Unmatched,Unmatched filter rule
termite on wall treatment,Unmatched,Unmatched filter rule
termite treatment normal,Unmatched,Unmatched filter rule
termite treatment termite inspection near me,Unmatched,Unmatched filter rule
terro wasp and hornet killer near me,Unmatched,Unmatched filter rule
top rated pest control annandale,Unmatched,Unmatched filter rule
top ten pest control companies near me,Unmatched,Unmatched filter rule
vikane fumigation near me,Unmatched,Unmatched filter rule
wood infestation inspection near me,Unmatched,Unmatched filter rule
zevo bug killer near me,Unmatched,Unmatched filter rule
terminix pest & termite control,Unmatched,Unmatched filter rule
building and pest inspection near me,Unmatched,Unmatched filter rule
24 hour emergency pest control near me,Unmatched,Unmatched filter rule
24 hour pest control services near me,Unmatched,Unmatched filter rule
termite barrier cost,Unmatched,Unmatched filter rule
hulett pest control near me,Unmatched,Unmatched filter rule
rat company near me,Unmatched,Unmatched filter rule
bedbugs control services,Unmatched,Unmatched filter rule
24 hour bed bug exterminator near me,Unmatched,Unmatched filter rule
npma 33 pest inspection near me,Unmatched,Unmatched filter rule
termite inspection central coast,Unmatched,Unmatched filter rule
rat trappers near me,Unmatched,Unmatched filter rule
cheap mice exterminators near me,Unmatched,Unmatched filter rule
flick termite,Unmatched,Unmatched filter rule
fantastic services pest control,Unmatched,Unmatched filter rule
bug exterminator near me cost,Unmatched,Unmatched filter rule
mosquito defense near me,Unmatched,Unmatched filter rule
deemak control,Unmatched,Unmatched filter rule
eco friendly termite control near me,Unmatched,Unmatched filter rule
pestban near me,Unmatched,Unmatched filter rule
exterminator near me 24 hours,Unmatched,Unmatched filter rule
termite removal companies near me,Unmatched,Unmatched filter rule
spectracide terminate termite killing stakes,Unmatched,Unmatched filter rule
pest control for birds near me,Unmatched,Unmatched filter rule
attic pest removal service near me,Unmatched,Unmatched filter rule
possum pest control near me,Unmatched,Unmatched filter rule
critter exterminators near me,Unmatched,Unmatched filter rule
local pest experts,Unmatched,Unmatched filter rule
white ant treatment near me,Unmatched,Unmatched filter rule
local bee exterminators in my area,Unmatched,Unmatched filter rule
pest control pigeons near me,Unmatched,Unmatched filter rule
termite protection barrier,Unmatched,Unmatched filter rule
termite pest inspection near me,Unmatched,Unmatched filter rule
best pest control near me for bed bugs,Unmatched,Unmatched filter rule
carpet and pest control near me,Unmatched,Unmatched filter rule
nearest exterminator near me,Unmatched,Unmatched filter rule
orkin near me prices,Unmatched,Unmatched filter rule
pest control near by me,Unmatched,Unmatched filter rule
anti termite treatment near me,Unmatched,Unmatched filter rule
critter trapper near me,Unmatched,Unmatched filter rule
pest control birds near me,Unmatched,Unmatched filter rule
roof rat control near me,Unmatched,Unmatched filter rule
pest control near me for mosquitoes,Unmatched,Unmatched filter rule
nearest pest control to me,Unmatched,Unmatched filter rule
bark pest control,Unmatched,Unmatched filter rule
cheap exterminator for roaches near me,Unmatched,Unmatched filter rule
bug guys pest control near me,Unmatched,Unmatched filter rule
pest control mosquito near me,Unmatched,Unmatched filter rule
pest control near me for squirrels,Unmatched,Unmatched filter rule
rat killer service near me,Unmatched,Unmatched filter rule
organic termite control near me,Unmatched,Unmatched filter rule
lizard catcher near me,Unmatched,Unmatched filter rule
best fumigation company,Unmatched,Unmatched filter rule
house tenting for termites near me,Unmatched,Unmatched filter rule
best pest control near me for rats,Unmatched,Unmatched filter rule
cockroach pest control services near me,Unmatched,Unmatched filter rule
pest control natural near me,Unmatched,Unmatched filter rule
building and pest inspections near me,Unmatched,Unmatched filter rule
pest control near me birds,Unmatched,Unmatched filter rule
domestic pest control near me,Unmatched,Unmatched filter rule
pest control charges near me,Unmatched,Unmatched filter rule
termite pre treatment for new construction near me,Unmatched,Unmatched filter rule
stink bug pest control near me,Unmatched,Unmatched filter rule
cheap fumigation near me,Unmatched,Unmatched filter rule
tick and mosquito treatment near me,Unmatched,Unmatched filter rule
local pest control companies in my area,Unmatched,Unmatched filter rule
termite solutions pest control,Unmatched,Unmatched filter rule
wasp company near me,Unmatched,Unmatched filter rule
mice fumigation near me,Unmatched,Unmatched filter rule
in wall pest control near me,Unmatched,Unmatched filter rule
woodpecker pest control services near me,Unmatched,Unmatched filter rule
fly control services near me,Unmatched,Unmatched filter rule
vole control companies near me,Unmatched,Unmatched filter rule
pest control near me orkin,Unmatched,Unmatched filter rule
wood bee exterminator near me,Unmatched,Unmatched filter rule
home fumigation services near me,Unmatched,Unmatched filter rule
green pest control companies near me,Unmatched,Unmatched filter rule
vault fumigation near me,Unmatched,Unmatched filter rule
mice extermination companies near me,Unmatched,Unmatched filter rule
vermin pest control near me,Unmatched,Unmatched filter rule
trugreen pest control near me,Unmatched,Unmatched filter rule
insect specialist near me,Unmatched,Unmatched filter rule
exterminator for ticks near me,Unmatched,Unmatched filter rule
box elder bug removal near me,Unmatched,Unmatched filter rule
pet safe exterminators near me,Unmatched,Unmatched filter rule
pest control near to me,Unmatched,Unmatched filter rule
control pest control near me,Unmatched,Unmatched filter rule
pest control for carpenter bees near me,Unmatched,Unmatched filter rule
local termite inspection companies,Unmatched,Unmatched filter rule
exterminators bed bugs near me,Unmatched,Unmatched filter rule
pest control ticks near me,Unmatched,Unmatched filter rule
roach inspections near me,Unmatched,Unmatched filter rule
wasp and bee pest control near me,Unmatched,Unmatched filter rule
general pest control treatment,Unmatched,Unmatched filter rule
bed bug pest control companies near me,Unmatched,Unmatched filter rule
professional rat removal near me,Unmatched,Unmatched filter rule
moth removal service near me,Unmatched,Unmatched filter rule
bagworm exterminators near me,Unmatched,Unmatched filter rule
flying ant exterminator near me,Unmatched,Unmatched filter rule
removal of wasps nests near me,Unmatched,Unmatched filter rule
orkin pest control near my location,Unmatched,Unmatched filter rule
gopher exterminators in my area,Unmatched,Unmatched filter rule
24 hour critter removal near me,Unmatched,Unmatched filter rule
rentokil north america near me,Unmatched,Unmatched filter rule
industrial pest control services near me,Unmatched,Unmatched filter rule
allgood pest control near me,Unmatched,Unmatched filter rule
pest control for termites price,Unmatched,Unmatched filter rule
evergreen pest control near me,Unmatched,Unmatched filter rule
thermal pest control near me,Unmatched,Unmatched filter rule
bee spraying service near me,Unmatched,Unmatched filter rule
rodent removal in my area,Unmatched,Unmatched filter rule
near by pest control,Unmatched,Unmatched filter rule
drain flies exterminator near me,Unmatched,Unmatched filter rule
exterminateur near me,Unmatched,Unmatched filter rule
bird mite specialist near me,Unmatched,Unmatched filter rule
infestation control near me,Unmatched,Unmatched filter rule
roach exterminators in my area,Unmatched,Unmatched filter rule
gypsy moth spraying near me,Unmatched,Unmatched filter rule
pest killers near me,Unmatched,Unmatched filter rule
insecticide service near me,Unmatched,Unmatched filter rule
moth fumigation near me,Unmatched,Unmatched filter rule
thomas pest control near me,Unmatched,Unmatched filter rule
x terminator pest control near me,Unmatched,Unmatched filter rule
vermin catcher near me,Unmatched,Unmatched filter rule
orkin hours near me,Unmatched,Unmatched filter rule
mosquito mary's near me,Unmatched,Unmatched filter rule
pest control firms near me,Unmatched,Unmatched filter rule
batzner near me,Unmatched,Unmatched filter rule
exterminator near me for flies,Unmatched,Unmatched filter rule
mosquito pest control companies near me,Unmatched,Unmatched filter rule
deemak pest control,Unmatched,Unmatched filter rule
carpet moth treatment near me,Unmatched,Unmatched filter rule
gypsy moth exterminator near me,Unmatched,Unmatched filter rule
johnson pest control near me,Unmatched,Unmatched filter rule
lizard control services near me,Unmatched,Unmatched filter rule
pest control wasp nest near me,Unmatched,Unmatched filter rule
humane rat catcher near me,Unmatched,Unmatched filter rule
tenting for termites near me,Unmatched,Unmatched filter rule
pest control near me for home,Unmatched,Unmatched filter rule
closest pest control to me,Unmatched,Unmatched filter rule
exterminator near me for carpenter ants,Unmatched,Unmatched filter rule
s and s termite,Unmatched,Unmatched filter rule
bee gone pest control commercial,Unmatched,Unmatched filter rule
wood fumigation services near me,Unmatched,Unmatched filter rule
organic tick spraying near me,Unmatched,Unmatched filter rule
ladybird pest control,Unmatched,Unmatched filter rule
exterminator near me for stink bugs,Unmatched,Unmatched filter rule
quality affordable pest control,Unmatched,Unmatched filter rule
the specialist pest control,Unmatched,Unmatched filter rule
for cockroach pest control,Unmatched,Unmatched filter rule
gopher trapping service near me,Unmatched,Unmatched filter rule
wasp nest disposal near me,Unmatched,Unmatched filter rule
insect treatment companies near me,Unmatched,Unmatched filter rule
bed bug fumigation services near me,Unmatched,Unmatched filter rule
outdoor exterminators near me,Unmatched,Unmatched filter rule
economy pest control near me,Unmatched,Unmatched filter rule
natural ant exterminator near me,Unmatched,Unmatched filter rule
mosquito busters near me,Unmatched,Unmatched filter rule
natural termite control near me,Unmatched,Unmatched filter rule
pest inspection cost near me,Unmatched,Unmatched filter rule
pest control near me for carpenter bees,Unmatched,Unmatched filter rule
termite treatment at home price,Unmatched,Unmatched filter rule
pest control near me for ticks,Unmatched,Unmatched filter rule
pest control services for rats near me,Unmatched,Unmatched filter rule
rabbit exterminators near me,Unmatched,Unmatched filter rule
cheap exterminator for bed bugs near me,Unmatched,Unmatched filter rule
bedbugs treatment near me,Unmatched,Unmatched filter rule
kitchen pest control near me,Unmatched,Unmatched filter rule
exterminator wasp near me,Unmatched,Unmatched filter rule
cockroach killer gel near me,Unmatched,Unmatched filter rule
get rid of rats near me,Unmatched,Unmatched filter rule
bee prevention near me,Unmatched,Unmatched filter rule
terminator company near me,Unmatched,Unmatched filter rule
mosquito places near me,Unmatched,Unmatched filter rule
mosquito yard control near me,Unmatched,Unmatched filter rule
fly removal near me,Unmatched,Unmatched filter rule
all bugs pest control,Unmatched,Unmatched filter rule
chem wise near me,Unmatched,Unmatched filter rule
local bird removal services,Unmatched,Unmatched filter rule
closest exterminator to my location,Unmatched,Unmatched filter rule
termite treatment at home near me,Unmatched,Unmatched filter rule
exterminators near me for carpenter bees,Unmatched,Unmatched filter rule
press control services near me,Unmatched,Unmatched filter rule
local bee removal company,Unmatched,Unmatched filter rule
pest management professional near me,Unmatched,Unmatched filter rule
pest control services around me,Unmatched,Unmatched filter rule
pest control near me for lizards,Unmatched,Unmatched filter rule
pest shield near me,Unmatched,Unmatched filter rule
contractors termite,Unmatched,Unmatched filter rule
professional flea control near me,Unmatched,Unmatched filter rule
solution for termites at home,Unmatched,Unmatched filter rule
caterpillar exterminators near me,Unmatched,Unmatched filter rule
hi care termite,Unmatched,Unmatched filter rule
pallet fumigation services near me,Unmatched,Unmatched filter rule
exterminator for centipedes near me,Unmatched,Unmatched filter rule
wasp nest removal in my area,Unmatched,Unmatched filter rule
bird mite pest control near me,Unmatched,Unmatched filter rule
anay treatment near me,Unmatched,Unmatched filter rule
misting pest control,Unmatched,Unmatched filter rule
wildlife trapping company near me,Unmatched,Unmatched filter rule
pest control for red ants near me,Unmatched,Unmatched filter rule
best gopher control near me,Unmatched,Unmatched filter rule
licensed pest inspector near me,Unmatched,Unmatched filter rule
presto x pest control near me,Unmatched,Unmatched filter rule
surrender bug killer near me,Unmatched,Unmatched filter rule
udhai pest control,Unmatched,Unmatched filter rule
pest trapper near me,Unmatched,Unmatched filter rule
pest control point,Unmatched,Unmatched filter rule
springtail extermination near me,Unmatched,Unmatched filter rule
masonry bee removal near me,Unmatched,Unmatched filter rule
top 10 pest control near me,Unmatched,Unmatched filter rule
permanent solution for termites,Unmatched,Unmatched filter rule
flea treatment for home near me,Unmatched,Unmatched filter rule
chipmunk exterminators near me,Unmatched,Unmatched filter rule
pre construction termite treatment near me,Unmatched,Unmatched filter rule
green termite control,Unmatched,Unmatched filter rule
earwig control near me,Unmatched,Unmatched filter rule
permatreat near me,Unmatched,Unmatched filter rule
terminate pest control near me,Unmatched,Unmatched filter rule
gypsy moth treatment near me,Unmatched,Unmatched filter rule
wil kil pest control near me,Unmatched,Unmatched filter rule
perimeter pest control services near me,Unmatched,Unmatched filter rule
anti termite near me,Unmatched,Unmatched filter rule
hired killers near me,Unmatched,Unmatched filter rule
spraying for gypsy moths near me,Unmatched,Unmatched filter rule
commercial pest management near me,Unmatched,Unmatched filter rule
steritech pest control near me,Unmatched,Unmatched filter rule
bug control in my area,Unmatched,Unmatched filter rule
fastrac blox near me,Unmatched,Unmatched filter rule
anay control,Unmatched,Unmatched filter rule
millipede pest control near me,Unmatched,Unmatched filter rule
ace exterminating near me,Unmatched,Unmatched filter rule
ant pest control services near me,Unmatched,Unmatched filter rule
ant removal companies near me,Unmatched,Unmatched filter rule
bayer pest control near me,Unmatched,Unmatched filter rule
bed bug control companies near me,Unmatched,Unmatched filter rule
beetle control near me,Unmatched,Unmatched filter rule
best mosquito exterminator near me,Unmatched,Unmatched filter rule
biological control of termites,Unmatched,Unmatched filter rule
bird mite exterminators near me,Unmatched,Unmatched filter rule
bt pesticide near me,Unmatched,Unmatched filter rule
bumble bee control near me,Unmatched,Unmatched filter rule
centipede removal near me,Unmatched,Unmatched filter rule
central exterminating near me,Unmatched,Unmatched filter rule
cheap exterminator for mice near me,Unmatched,Unmatched filter rule
cicada killer wasp exterminator near me,Unmatched,Unmatched filter rule
cockroach gel near me,Unmatched,Unmatched filter rule
cockroach infestation near me,Unmatched,Unmatched filter rule
covid fumigation services near me,Unmatched,Unmatched filter rule
dixon pest control near me,Unmatched,Unmatched filter rule
eco bed bug exterminator near me,Unmatched,Unmatched filter rule
eco bed bug exterminators near me,Unmatched,Unmatched filter rule
ecosmart ant and roach killer near me,Unmatched,Unmatched filter rule
exterminator prices for mice near me,Unmatched,Unmatched filter rule
fire ant removal near me,Unmatched,Unmatched filter rule
fumigation services for covid near me,Unmatched,Unmatched filter rule
fumigation team near me,Unmatched,Unmatched filter rule
gnat nix near me,Unmatched,Unmatched filter rule
gypsy moth control near me,Unmatched,Unmatched filter rule
honey bee exterminators near me,Unmatched,Unmatched filter rule
house and home pest control,Unmatched,Unmatched filter rule
insect expert near me,Unmatched,Unmatched filter rule
invict gold cockroach gel near me,Unmatched,Unmatched filter rule
lentrek termite,Unmatched,Unmatched filter rule
local rodent removal companies,Unmatched,Unmatched filter rule
maxxthor ec near me,Unmatched,Unmatched filter rule
molecatcher near me,Unmatched,Unmatched filter rule
mosquito elimination near me,Unmatched,Unmatched filter rule
mosquito eradicator near me,Unmatched,Unmatched filter rule
near me pest control services,Unmatched,Unmatched filter rule
odorous ant control near me,Unmatched,Unmatched filter rule
pest control at home near me,Unmatched,Unmatched filter rule
pest control for foxes near me,Unmatched,Unmatched filter rule
pest control near you,Unmatched,Unmatched filter rule
pest control services for lizards near me,Unmatched,Unmatched filter rule
pest control services near by me,Unmatched,Unmatched filter rule
pest extermination service near me,Unmatched,Unmatched filter rule
pest removal in my area,Unmatched,Unmatched filter rule
pestpop near me,Unmatched,Unmatched filter rule
premise termite price,Unmatched,Unmatched filter rule
professional flea removal near me,Unmatched,Unmatched filter rule
repairing termite damaged walls,Unmatched,Unmatched filter rule
reptile control services near me,Unmatched,Unmatched filter rule
safe pest control companies near me,Unmatched,Unmatched filter rule
silverfish control near me,Unmatched,Unmatched filter rule
sovereign pest control near me,Unmatched,Unmatched filter rule
spectracide termite stakes false positive,Unmatched,Unmatched filter rule
tata termite,Unmatched,Unmatched filter rule
termite companies around me,Unmatched,Unmatched filter rule
termite control normal,Unmatched,Unmatched filter rule
termite control termite inspection near me,Unmatched,Unmatched filter rule
termite control windsor,Unmatched,Unmatched filter rule
termite exterminator termite inspection near me,Unmatched,Unmatched filter rule
termite on wall treatment,Unmatched,Unmatched filter rule
termite treatment normal,Unmatched,Unmatched filter rule
termite treatment termite inspection near me,Unmatched,Unmatched filter rule
terro wasp and hornet killer near me,Unmatched,Unmatched filter rule
top rated pest control annandale,Unmatched,Unmatched filter rule
top ten pest control companies near me,Unmatched,Unmatched filter rule
vikane fumigation near me,Unmatched,Unmatched filter rule
wood infestation inspection near me,Unmatched,Unmatched filter rule
zevo bug killer near me,Unmatched,Unmatched filter rule
terminix pest & termite control,Unmatched,Unmatched filter rule
building and pest inspection near me,Unmatched,Unmatched filter rule
24 hour emergency pest control near me,Unmatched,Unmatched filter rule
24 hour pest control services near me,Unmatched,Unmatched filter rule
termite barrier cost,Unmatched,Unmatched filter rule
hulett pest control near me,Unmatched,Unmatched filter rule
rat company near me,Unmatched,Unmatched filter rule
bedbugs control services,Unmatched,Unmatched filter rule
24 hour bed bug exterminator near me,Unmatched,Unmatched filter rule
npma 33 pest inspection near me,Unmatched,Unmatched filter rule
termite inspection central coast,Unmatched,Unmatched filter rule
rat trappers near me,Unmatched,Unmatched filter rule
cheap mice exterminators near me,Unmatched,Unmatched filter rule
flick termite,Unmatched,Unmatched filter rule
fantastic services pest control,Unmatched,Unmatched filter rule
bug exterminator near me cost,Unmatched,Unmatched filter rule
mosquito defense near me,Unmatched,Unmatched filter rule
deemak control,Unmatched,Unmatched filter rule
eco friendly termite control near me,Unmatched,Unmatched filter rule
pestban near me,Unmatched,Unmatched filter rule
exterminator near me 24 hours,Unmatched,Unmatched filter rule
termite removal companies near me,Unmatched,Unmatched filter rule
spectracide terminate termite killing stakes,Unmatched,Unmatched filter rule
pest control for birds near me,Unmatched,Unmatched filter rule
attic pest removal service near me,Unmatched,Unmatched filter rule
possum pest control near me,Unmatched,Unmatched filter rule
critter exterminators near me,Unmatched,Unmatched filter rule
local pest experts,Unmatched,Unmatched filter rule
white ant treatment near me,Unmatched,Unmatched filter rule
local bee exterminators in my area,Unmatched,Unmatched filter rule
pest control pigeons near me,Unmatched,Unmatched filter rule
termite protection barrier,Unmatched,Unmatched filter rule
termite pest inspection near me,Unmatched,Unmatched filter rule
best pest control near me for bed bugs,Unmatched,Unmatched filter rule
carpet and pest control near me,Unmatched,Unmatched filter rule
nearest exterminator near me,Unmatched,Unmatched filter rule
orkin near me prices,Unmatched,Unmatched filter rule
pest control near by me,Unmatched,Unmatched filter rule
anti termite treatment near me,Unmatched,Unmatched filter rule
critter trapper near me,Unmatched,Unmatched filter rule
pest control birds near me,Unmatched,Unmatched filter rule
roof rat control near me,Unmatched,Unmatched filter rule
pest control near me for mosquitoes,Unmatched,Unmatched filter rule
nearest pest control to me,Unmatched,Unmatched filter rule
bark pest control,Unmatched,Unmatched filter rule
cheap exterminator for roaches near me,Unmatched,Unmatched filter rule
bug guys pest control near me,Unmatched,Unmatched filter rule
pest control mosquito near me,Unmatched,Unmatched filter rule
pest control near me for squirrels,Unmatched,Unmatched filter rule
rat killer service near me,Unmatched,Unmatched filter rule
organic termite control near me,Unmatched,Unmatched filter rule
lizard catcher near me,Unmatched,Unmatched filter rule
best fumigation company,Unmatched,Unmatched filter rule
house tenting for termites near me,Unmatched,Unmatched filter rule
best pest control near me for rats,Unmatched,Unmatched filter rule
cockroach pest control services near me,Unmatched,Unmatched filter rule
pest control natural near me,Unmatched,Unmatched filter rule
building and pest inspections near me,Unmatched,Unmatched filter rule
pest control near me birds,Unmatched,Unmatched filter rule
domestic pest control near me,Unmatched,Unmatched filter rule
pest control charges near me,Unmatched,Unmatched filter rule
termite pre treatment for new construction near me,Unmatched,Unmatched filter rule
stink bug pest control near me,Unmatched,Unmatched filter rule
cheap fumigation near me,Unmatched,Unmatched filter rule
tick and mosquito treatment near me,Unmatched,Unmatched filter rule
local pest control companies in my area,Unmatched,Unmatched filter rule
termite solutions pest control,Unmatched,Unmatched filter rule
wasp company near me,Unmatched,Unmatched filter rule
mice fumigation near me,Unmatched,Unmatched filter rule
in wall pest control near me,Unmatched,Unmatched filter rule
woodpecker pest control services near me,Unmatched,Unmatched filter rule
fly control services near me,Unmatched,Unmatched filter rule
vole control companies near me,Unmatched,Unmatched filter rule
pest control near me orkin,Unmatched,Unmatched filter rule
wood bee exterminator near me,Unmatched,Unmatched filter rule
home fumigation services near me,Unmatched,Unmatched filter rule
green pest control companies near me,Unmatched,Unmatched filter rule
vault fumigation near me,Unmatched,Unmatched filter rule
mice extermination companies near me,Unmatched,Unmatched filter rule
vermin pest control near me,Unmatched,Unmatched filter rule
trugreen pest control near me,Unmatched,Unmatched filter rule
insect specialist near me,Unmatched,Unmatched filter rule
exterminator for ticks near me,Unmatched,Unmatched filter rule
box elder bug removal near me,Unmatched,Unmatched filter rule
pet safe exterminators near me,Unmatched,Unmatched filter rule
pest control near to me,Unmatched,Unmatched filter rule
control pest control near me,Unmatched,Unmatched filter rule
pest control for carpenter bees near me,Unmatched,Unmatched filter rule
local termite inspection companies,Unmatched,Unmatched filter rule
exterminators bed bugs near me,Unmatched,Unmatched filter rule
pest control ticks near me,Unmatched,Unmatched filter rule
roach inspections near me,Unmatched,Unmatched filter rule
wasp and bee pest control near me,Unmatched,Unmatched filter rule
general pest control treatment,Unmatched,Unmatched filter rule
bed bug pest control companies near me,Unmatched,Unmatched filter rule
professional rat removal near me,Unmatched,Unmatched filter rule
moth removal service near me,Unmatched,Unmatched filter rule
bagworm exterminators near me,Unmatched,Unmatched filter rule
flying ant exterminator near me,Unmatched,Unmatched filter rule
removal of wasps nests near me,Unmatched,Unmatched filter rule
orkin pest control near my location,Unmatched,Unmatched filter rule
gopher exterminators in my area,Unmatched,Unmatched filter rule
24 hour critter removal near me,Unmatched,Unmatched filter rule
rentokil north america near me,Unmatched,Unmatched filter rule
industrial pest control services near me,Unmatched,Unmatched filter rule
allgood pest control near me,Unmatched,Unmatched filter rule
pest control for termites price,Unmatched,Unmatched filter rule
evergreen pest control near me,Unmatched,Unmatched filter rule
thermal pest control near me,Unmatched,Unmatched filter rule
bee spraying service near me,Unmatched,Unmatched filter rule
rodent removal in my area,Unmatched,Unmatched filter rule
near by pest control,Unmatched,Unmatched filter rule
drain flies exterminator near me,Unmatched,Unmatched filter rule
exterminateur near me,Unmatched,Unmatched filter rule
bird mite specialist near me,Unmatched,Unmatched filter rule
infestation control near me,Unmatched,Unmatched filter rule
roach exterminators in my area,Unmatched,Unmatched filter rule
gypsy moth spraying near me,Unmatched,Unmatched filter rule
pest killers near me,Unmatched,Unmatched filter rule
insecticide service near me,Unmatched,Unmatched filter rule
moth fumigation near me,Unmatched,Unmatched filter rule
thomas pest control near me,Unmatched,Unmatched filter rule
x terminator pest control near me,Unmatched,Unmatched filter rule
vermin catcher near me,Unmatched,Unmatched filter rule
orkin hours near me,Unmatched,Unmatched filter rule
mosquito mary's near me,Unmatched,Unmatched filter rule
pest control firms near me,Unmatched,Unmatched filter rule
batzner near me,Unmatched,Unmatched filter rule
exterminator near me for flies,Unmatched,Unmatched filter rule
mosquito pest control companies near me,Unmatched,Unmatched filter rule
deemak pest control,Unmatched,Unmatched filter rule
carpet moth treatment near me,Unmatched,Unmatched filter rule
gypsy moth exterminator near me,Unmatched,Unmatched filter rule
johnson pest control near me,Unmatched,Unmatched filter rule
lizard control services near me,Unmatched,Unmatched filter rule
pest control wasp nest near me,Unmatched,Unmatched filter rule
humane rat catcher near me,Unmatched,Unmatched filter rule
tenting for termites near me,Unmatched,Unmatched filter rule
pest control near me for home,Unmatched,Unmatched filter rule
closest pest control to me,Unmatched,Unmatched filter rule
exterminator near me for carpenter ants,Unmatched,Unmatched filter rule
s and s termite,Unmatched,Unmatched filter rule
bee gone pest control commercial,Unmatched,Unmatched filter rule
wood fumigation services near me,Unmatched,Unmatched filter rule
organic tick spraying near me,Unmatched,Unmatched filter rule
ladybird pest control,Unmatched,Unmatched filter rule
exterminator near me for stink bugs,Unmatched,Unmatched filter rule
quality affordable pest control,Unmatched,Unmatched filter rule
the specialist pest control,Unmatched,Unmatched filter rule
for cockroach pest control,Unmatched,Unmatched filter rule
gopher trapping service near me,Unmatched,Unmatched filter rule
wasp nest disposal near me,Unmatched,Unmatched filter rule
insect treatment companies near me,Unmatched,Unmatched filter rule
bed bug fumigation services near me,Unmatched,Unmatched filter rule
outdoor exterminators near me,Unmatched,Unmatched filter rule
economy pest control near me,Unmatched,Unmatched filter rule
natural ant exterminator near me,Unmatched,Unmatched filter rule
mosquito busters near me,Unmatched,Unmatched filter rule
natural termite control near me,Unmatched,Unmatched filter rule
pest inspection cost near me,Unmatched,Unmatched filter rule
pest control near me for carpenter bees,Unmatched,Unmatched filter rule
termite treatment at home price,Unmatched,Unmatched filter rule
pest control near me for ticks,Unmatched,Unmatched filter rule
pest control services for rats near me,Unmatched,Unmatched filter rule
rabbit exterminators near me,Unmatched,Unmatched filter rule
cheap exterminator for bed bugs near me,Unmatched,Unmatched filter rule
bedbugs treatment near me,Unmatched,Unmatched filter rule
kitchen pest control near me,Unmatched,Unmatched filter rule
exterminator wasp near me,Unmatched,Unmatched filter rule
cockroach killer gel near me,Unmatched,Unmatched filter rule
get rid of rats near me,Unmatched,Unmatched filter rule
bee prevention near me,Unmatched,Unmatched filter rule
terminator company near me,Unmatched,Unmatched filter rule
mosquito places near me,Unmatched,Unmatched filter rule
mosquito yard control near me,Unmatched,Unmatched filter rule
fly removal near me,Unmatched,Unmatched filter rule
all bugs pest control,Unmatched,Unmatched filter rule
chem wise near me,Unmatched,Unmatched filter rule
local bird removal services,Unmatched,Unmatched filter rule
closest exterminator to my location,Unmatched,Unmatched filter rule
termite treatment at home near me,Unmatched,Unmatched filter rule
exterminators near me for carpenter bees,Unmatched,Unmatched filter rule
press control services near me,Unmatched,Unmatched filter rule
local bee removal company,Unmatched,Unmatched filter rule
pest management professional near me,Unmatched,Unmatched filter rule
pest control services around me,Unmatched,Unmatched filter rule
pest control near me for lizards,Unmatched,Unmatched filter rule
pest shield near me,Unmatched,Unmatched filter rule
contractors termite,Unmatched,Unmatched filter rule
professional flea control near me,Unmatched,Unmatched filter rule
solution for termites at home,Unmatched,Unmatched filter rule
caterpillar exterminators near me,Unmatched,Unmatched filter rule
hi care termite,Unmatched,Unmatched filter rule
pallet fumigation services near me,Unmatched,Unmatched filter rule
exterminator for centipedes near me,Unmatched,Unmatched filter rule
wasp nest removal in my area,Unmatched,Unmatched filter rule
bird mite pest control near me,Unmatched,Unmatched filter rule
anay treatment near me,Unmatched,Unmatched filter rule
misting pest control,Unmatched,Unmatched filter rule
wildlife trapping company near me,Unmatched,Unmatched filter rule
pest control for red ants near me,Unmatched,Unmatched filter rule
best gopher control near me,Unmatched,Unmatched filter rule
licensed pest inspector near me,Unmatched,Unmatched filter rule
presto x pest control near me,Unmatched,Unmatched filter rule
surrender bug killer near me,Unmatched,Unmatched filter rule
udhai pest control,Unmatched,Unmatched filter rule
pest trapper near me,Unmatched,Unmatched filter rule
pest control point,Unmatched,Unmatched filter rule
springtail extermination near me,Unmatched,Unmatched filter rule
masonry bee removal near me,Unmatched,Unmatched filter rule
top 10 pest control near me,Unmatched,Unmatched filter rule
permanent solution for termites,Unmatched,Unmatched filter rule
flea treatment for home near me,Unmatched,Unmatched filter rule
chipmunk exterminators near me,Unmatched,Unmatched filter rule
pre construction termite treatment near me,Unmatched,Unmatched filter rule
green termite control,Unmatched,Unmatched filter rule
earwig control near me,Unmatched,Unmatched filter rule
permatreat near me,Unmatched,Unmatched filter rule
terminate pest control near me,Unmatched,Unmatched filter rule
gypsy moth treatment near me,Unmatched,Unmatched filter rule
wil kil pest control near me,Unmatched,Unmatched filter rule
perimeter pest control services near me,Unmatched,Unmatched filter rule
anti termite near me,Unmatched,Unmatched filter rule
hired killers near me,Unmatched,Unmatched filter rule
spraying for gypsy moths near me,Unmatched,Unmatched filter rule
commercial pest management near me,Unmatched,Unmatched filter rule
steritech pest control near me,Unmatched,Unmatched filter rule
bug control in my area,Unmatched,Unmatched filter rule
fastrac blox near me,Unmatched,Unmatched filter rule
anay control,Unmatched,Unmatched filter rule
millipede pest control near me,Unmatched,Unmatched filter rule
ace exterminating near me,Unmatched,Unmatched filter rule
ant pest control services near me,Unmatched,Unmatched filter rule
ant removal companies near me,Unmatched,Unmatched filter rule
bayer pest control near me,Unmatched,Unmatched filter rule
bed bug control companies near me,Unmatched,Unmatched filter rule
beetle control near me,Unmatched,Unmatched filter rule
best mosquito exterminator near me,Unmatched,Unmatched filter rule
biological control of termites,Unmatched,Unmatched filter rule
bird mite exterminators near me,Unmatched,Unmatched filter rule
bt pesticide near me,Unmatched,Unmatched filter rule
bumble bee control near me,Unmatched,Unmatched filter rule
centipede removal near me,Unmatched,Unmatched filter rule
central exterminating near me,Unmatched,Unmatched filter rule
cheap exterminator for mice near me,Unmatched,Unmatched filter rule
cicada killer wasp exterminator near me,Unmatched,Unmatched filter rule
cockroach gel near me,Unmatched,Unmatched filter rule
cockroach infestation near me,Unmatched,Unmatched filter rule
covid fumigation services near me,Unmatched,Unmatched filter rule
dixon pest control near me,Unmatched,Unmatched filter rule
eco bed bug exterminator near me,Unmatched,Unmatched filter rule
eco bed bug exterminators near me,Unmatched,Unmatched filter rule
ecosmart ant and roach killer near me,Unmatched,Unmatched filter rule
exterminator prices for mice near me,Unmatched,Unmatched filter rule
fire ant removal near me,Unmatched,Unmatched filter rule
fumigation services for covid near me,Unmatched,Unmatched filter rule
fumigation team near me,Unmatched,Unmatched filter rule
gnat nix near me,Unmatched,Unmatched filter rule
gypsy moth control near me,Unmatched,Unmatched filter rule
honey bee exterminators near me,Unmatched,Unmatched filter rule
house and home pest control,Unmatched,Unmatched filter rule
insect expert near me,Unmatched,Unmatched filter rule
invict gold cockroach gel near me,Unmatched,Unmatched filter rule
lentrek termite,Unmatched,Unmatched filter rule
local rodent removal companies,Unmatched,Unmatched filter rule
maxxthor ec near me,Unmatched,Unmatched filter rule
molecatcher near me,Unmatched,Unmatched filter rule
mosquito elimination near me,Unmatched,Unmatched filter rule
mosquito eradicator near me,Prohibited_Pest,Prohibited pest: mosquito
pest control for foxes near me,Prohibited_Pest,Prohibited wildlife: foxes
pest control services for lizards near me,Prohibited_Pest,Prohibited pest: lizards
pestpop near me,Competitor_Brand,Competitor brand: Pestpop
premise termite price,DIY,DIY termiticide product pricing query
professional flea removal near me,Prohibited_Pest,Prohibited pest: fleas
repairing termite damaged walls,Low_Intent,Structural repair informational query
reptile control services near me,Prohibited_Pest,Prohibited wildlife: reptiles
sovereign pest control near me,Competitor_Brand,Competitor brand: Sovereign Pest Control
spectracide termite stakes false positive,DIY,DIY product informational query
tata termite,Competitor_Brand,Brand/product query: Tata
terro wasp and hornet killer near me,Prohibited_Pest,Prohibited pest and DIY product: wasp and hornet
vikane fumigation near me,Competitor_Brand,Brand bidding: Vikane fumigant
zevo bug killer near me,DIY,DIY retail product intent: Zevo
terminix pest & termite control,Competitor_Brand,Competitor brand: Terminix
building and pest inspection near me,Low_Intent,Pre-purchase building inspection intent
termite barrier cost,Low_Intent,Pricing research query without local intent
hulett pest control near me,Competitor_Brand,Competitor brand: Hulett Pest Control
bedbugs control services,Prohibited_Pest,Prohibited pest: bed bugs
24 hour bed bug exterminator near me,Prohibited_Pest,Prohibited pest: bed bugs
npma 33 pest inspection near me,Low_Intent,Mortgage real estate inspection form NPMA-33
flick termite,Competitor_Brand,Competitor brand: Flick
fantastic services pest control,Competitor_Brand,Competitor brand: Fantastic Services
mosquito defense near me,Prohibited_Pest,Prohibited pest: mosquitoes
pestban near me,Competitor_Brand,Competitor brand: Pestban
spectracide terminate termite killing stakes,DIY,DIY retail product: Spectracide
pest control for birds near me,Prohibited_Pest,Prohibited wildlife: birds
possum pest control near me,Prohibited_Pest,Prohibited wildlife: possum
critter exterminators near me,Prohibited_Pest,Prohibited animal control / wildlife removal
local bee exterminators in my area,Prohibited_Pest,Prohibited pest: bees
pest control pigeons near me,Prohibited_Pest,Prohibited wildlife: pigeons
best pest control near me for bed bugs,Prohibited_Pest,Prohibited pest: bed bugs
orkin near me prices,Competitor_Brand,Competitor brand: Orkin
critter trapper near me,Prohibited_Pest,Prohibited animal control / wildlife removal
pest control birds near me,Prohibited_Pest,Prohibited wildlife: birds
pest control near me for mosquitoes,Prohibited_Pest,Prohibited pest: mosquitoes
bark pest control,Competitor_Brand,Competitor brand: Bark
bug guys pest control near me,Competitor_Brand,Competitor brand: Bug Guys Pest Control
pest control mosquito near me,Prohibited_Pest,Prohibited pest: mosquitoes
pest control near me for squirrels,Prohibited_Pest,Prohibited wildlife: squirrels
lizard catcher near me,Prohibited_Pest,Prohibited pest: lizards
building and pest inspections near me,Low_Intent,Pre-purchase building inspection intent
pest control near me birds,Prohibited_Pest,Prohibited wildlife: birds
stink bug pest control near me,Prohibited_Pest,Prohibited pest: stink bugs
tick and mosquito treatment near me,Prohibited_Pest,Prohibited pest: ticks and mosquitoes
termite solutions pest control,Unmatched,Unmatched filter rule
wasp company near me,Unmatched,Unmatched filter rule
mice fumigation near me,Unmatched,Unmatched filter rule
in wall pest control near me,Unmatched,Unmatched filter rule
woodpecker pest control services near me,Unmatched,Unmatched filter rule
fly control services near me,Unmatched,Unmatched filter rule
vole control companies near me,Unmatched,Unmatched filter rule
pest control near me orkin,Unmatched,Unmatched filter rule
wood bee exterminator near me,Unmatched,Unmatched filter rule
home fumigation services near me,Unmatched,Unmatched filter rule
green pest control companies near me,Unmatched,Unmatched filter rule
vault fumigation near me,Unmatched,Unmatched filter rule
mice extermination companies near me,Unmatched,Unmatched filter rule
vermin pest control near me,Unmatched,Unmatched filter rule
trugreen pest control near me,Unmatched,Unmatched filter rule
insect specialist near me,Unmatched,Unmatched filter rule
exterminator for ticks near me,Unmatched,Unmatched filter rule
box elder bug removal near me,Unmatched,Unmatched filter rule
pet safe exterminators near me,Unmatched,Unmatched filter rule
pest control near to me,Unmatched,Unmatched filter rule
control pest control near me,Unmatched,Unmatched filter rule
pest control for carpenter bees near me,Unmatched,Unmatched filter rule
local termite inspection companies,Unmatched,Unmatched filter rule
exterminators bed bugs near me,Unmatched,Unmatched filter rule
pest control ticks near me,Unmatched,Unmatched filter rule
roach inspections near me,Unmatched,Unmatched filter rule
wasp and bee pest control near me,Unmatched,Unmatched filter rule
general pest control treatment,Unmatched,Unmatched filter rule
bed bug pest control companies near me,Unmatched,Unmatched filter rule
professional rat removal near me,Unmatched,Unmatched filter rule
moth removal service near me,Unmatched,Unmatched filter rule
bagworm exterminators near me,Unmatched,Unmatched filter rule
flying ant exterminator near me,Unmatched,Unmatched filter rule
removal of wasps nests near me,Unmatched,Unmatched filter rule
orkin pest control near my location,Unmatched,Unmatched filter rule
gopher exterminators in my area,Unmatched,Unmatched filter rule
24 hour critter removal near me,Unmatched,Unmatched filter rule
rentokil north america near me,Unmatched,Unmatched filter rule
industrial pest control services near me,Unmatched,Unmatched filter rule
allgood pest control near me,Unmatched,Unmatched filter rule
pest control for termites price,Unmatched,Unmatched filter rule
evergreen pest control near me,Unmatched,Unmatched filter rule
thermal pest control near me,Unmatched,Unmatched filter rule
bee spraying service near me,Unmatched,Unmatched filter rule
rodent removal in my area,Unmatched,Unmatched filter rule
near by pest control,Unmatched,Unmatched filter rule
drain flies exterminator near me,Unmatched,Unmatched filter rule
exterminateur near me,Unmatched,Unmatched filter rule
bird mite specialist near me,Unmatched,Unmatched filter rule
infestation control near me,Unmatched,Unmatched filter rule
roach exterminators in my area,Unmatched,Unmatched filter rule
gypsy moth spraying near me,Unmatched,Unmatched filter rule
pest killers near me,Unmatched,Unmatched filter rule
insecticide service near me,Unmatched,Unmatched filter rule
moth fumigation near me,Unmatched,Unmatched filter rule
thomas pest control near me,Unmatched,Unmatched filter rule
x terminator pest control near me,Unmatched,Unmatched filter rule
vermin catcher near me,Unmatched,Unmatched filter rule
orkin hours near me,Unmatched,Unmatched filter rule
mosquito mary's near me,Unmatched,Unmatched filter rule
pest control firms near me,Unmatched,Unmatched filter rule
batzner near me,Unmatched,Unmatched filter rule
exterminator near me for flies,Unmatched,Unmatched filter rule
mosquito pest control companies near me,Unmatched,Unmatched filter rule
deemak pest control,Unmatched,Unmatched filter rule
carpet moth treatment near me,Unmatched,Unmatched filter rule
gypsy moth exterminator near me,Unmatched,Unmatched filter rule
johnson pest control near me,Unmatched,Unmatched filter rule
lizard control services near me,Unmatched,Unmatched filter rule
pest control wasp nest near me,Unmatched,Unmatched filter rule
humane rat catcher near me,Unmatched,Unmatched filter rule
tenting for termites near me,Unmatched,Unmatched filter rule
pest control near me for home,Unmatched,Unmatched filter rule
closest pest control to me,Unmatched,Unmatched filter rule
exterminator near me for carpenter ants,Unmatched,Unmatched filter rule
s and s termite,Unmatched,Unmatched filter rule
bee gone pest control commercial,Unmatched,Unmatched filter rule
wood fumigation services near me,Unmatched,Unmatched filter rule
organic tick spraying near me,Unmatched,Unmatched filter rule
ladybird pest control,Unmatched,Unmatched filter rule
exterminator near me for stink bugs,Unmatched,Unmatched filter rule
quality affordable pest control,Unmatched,Unmatched filter rule
the specialist pest control,Unmatched,Unmatched filter rule
for cockroach pest control,Unmatched,Unmatched filter rule
gopher trapping service near me,Unmatched,Unmatched filter rule
wasp nest disposal near me,Unmatched,Unmatched filter rule
insect treatment companies near me,Unmatched,Unmatched filter rule
bed bug fumigation services near me,Unmatched,Unmatched filter rule
outdoor exterminators near me,Unmatched,Unmatched filter rule
economy pest control near me,Unmatched,Unmatched filter rule
natural ant exterminator near me,Unmatched,Unmatched filter rule
mosquito busters near me,Unmatched,Unmatched filter rule
natural termite control near me,Unmatched,Unmatched filter rule
pest inspection cost near me,Unmatched,Unmatched filter rule
pest control near me for carpenter bees,Unmatched,Unmatched filter rule
termite treatment at home price,Unmatched,Unmatched filter rule
pest control near me for ticks,Unmatched,Unmatched filter rule
pest control services for rats near me,Unmatched,Unmatched filter rule
rabbit exterminators near me,Unmatched,Unmatched filter rule
cheap exterminator for bed bugs near me,Unmatched,Unmatched filter rule
bedbugs treatment near me,Unmatched,Unmatched filter rule
kitchen pest control near me,Unmatched,Unmatched filter rule
exterminator wasp near me,Unmatched,Unmatched filter rule
cockroach killer gel near me,Unmatched,Unmatched filter rule
get rid of rats near me,Unmatched,Unmatched filter rule
bee prevention near me,Unmatched,Unmatched filter rule
terminator company near me,Unmatched,Unmatched filter rule
mosquito places near me,Unmatched,Unmatched filter rule
mosquito yard control near me,Unmatched,Unmatched filter rule
fly removal near me,Unmatched,Unmatched filter rule
all bugs pest control,Unmatched,Unmatched filter rule
chem wise near me,Unmatched,Unmatched filter rule
local bird removal services,Unmatched,Unmatched filter rule
closest exterminator to my location,Unmatched,Unmatched filter rule
termite treatment at home near me,Unmatched,Unmatched filter rule
exterminators near me for carpenter bees,Unmatched,Unmatched filter rule
press control services near me,Unmatched,Unmatched filter rule
local bee removal company,Unmatched,Unmatched filter rule
pest management professional near me,Unmatched,Unmatched filter rule
pest control services around me,Unmatched,Unmatched filter rule
pest control near me for lizards,Unmatched,Unmatched filter rule
pest shield near me,Unmatched,Unmatched filter rule
contractors termite,Unmatched,Unmatched filter rule
professional flea control near me,Unmatched,Unmatched filter rule
solution for termites at home,Unmatched,Unmatched filter rule
caterpillar exterminators near me,Unmatched,Unmatched filter rule
hi care termite,Unmatched,Unmatched filter rule
pallet fumigation services near me,Unmatched,Unmatched filter rule
exterminator for centipedes near me,Unmatched,Unmatched filter rule
wasp nest removal in my area,Unmatched,Unmatched filter rule
bird mite pest control near me,Unmatched,Unmatched filter rule
anay treatment near me,Unmatched,Unmatched filter rule
misting pest control,Unmatched,Unmatched filter rule
wildlife trapping company near me,Unmatched,Unmatched filter rule
pest control for red ants near me,Unmatched,Unmatched filter rule
best gopher control near me,Unmatched,Unmatched filter rule
licensed pest inspector near me,Unmatched,Unmatched filter rule
presto x pest control near me,Unmatched,Unmatched filter rule
surrender bug killer near me,Unmatched,Unmatched filter rule
udhai pest control,Unmatched,Unmatched filter rule
pest trapper near me,Unmatched,Unmatched filter rule
pest control point,Unmatched,Unmatched filter rule
springtail extermination near me,Unmatched,Unmatched filter rule
masonry bee removal near me,Unmatched,Unmatched filter rule
top 10 pest control near me,Unmatched,Unmatched filter rule
permanent solution for termites,Unmatched,Unmatched filter rule
flea treatment for home near me,Unmatched,Unmatched filter rule
chipmunk exterminators near me,Unmatched,Unmatched filter rule
pre construction termite treatment near me,Unmatched,Unmatched filter rule
green termite control,Unmatched,Unmatched filter rule
earwig control near me,Unmatched,Unmatched filter rule
permatreat near me,Unmatched,Unmatched filter rule
terminate pest control near me,Unmatched,Unmatched filter rule
gypsy moth treatment near me,Unmatched,Unmatched filter rule
wil kil pest control near me,Unmatched,Unmatched filter rule
perimeter pest control services near me,Unmatched,Unmatched filter rule
anti termite near me,Unmatched,Unmatched filter rule
hired killers near me,Unmatched,Unmatched filter rule
spraying for gypsy moths near me,Unmatched,Unmatched filter rule
commercial pest management near me,Unmatched,Unmatched filter rule
steritech pest control near me,Unmatched,Unmatched filter rule
bug control in my area,Unmatched,Unmatched filter rule
fastrac blox near me,Unmatched,Unmatched filter rule
anay control,Unmatched,Unmatched filter rule
millipede pest control near me,Unmatched,Unmatched filter rule
ace exterminating near me,Unmatched,Unmatched filter rule
ant pest control services near me,Unmatched,Unmatched filter rule
ant removal companies near me,Unmatched,Unmatched filter rule
bayer pest control near me,Unmatched,Unmatched filter rule
bed bug control companies near me,Unmatched,Unmatched filter rule
beetle control near me,Unmatched,Unmatched filter rule
best mosquito exterminator near me,Unmatched,Unmatched filter rule
biological control of termites,Unmatched,Unmatched filter rule
bird mite exterminators near me,Unmatched,Unmatched filter rule
bt pesticide near me,Unmatched,Unmatched filter rule
bumble bee control near me,Unmatched,Unmatched filter rule
centipede removal near me,Unmatched,Unmatched filter rule
central exterminating near me,Unmatched,Unmatched filter rule
cheap exterminator for mice near me,Unmatched,Unmatched filter rule
cicada killer wasp exterminator near me,Unmatched,Unmatched filter rule
cockroach gel near me,Unmatched,Unmatched filter rule
cockroach infestation near me,Unmatched,Unmatched filter rule
covid fumigation services near me,Unmatched,Unmatched filter rule
dixon pest control near me,Unmatched,Unmatched filter rule
eco bed bug exterminator near me,Unmatched,Unmatched filter rule
eco bed bug exterminators near me,Unmatched,Unmatched filter rule
ecosmart ant and roach killer near me,Unmatched,Unmatched filter rule
exterminator prices for mice near me,Unmatched,Unmatched filter rule
fire ant removal near me,Unmatched,Unmatched filter rule
fumigation services for covid near me,Unmatched,Unmatched filter rule
fumigation team near me,Unmatched,Unmatched filter rule
gnat nix near me,Unmatched,Unmatched filter rule
gypsy moth control near me,Unmatched,Unmatched filter rule
honey bee exterminators near me,Unmatched,Unmatched filter rule
house and home pest control,Unmatched,Unmatched filter rule
insect expert near me,Unmatched,Unmatched filter rule
invict gold cockroach gel near me,Unmatched,Unmatched filter rule
lentrek termite,Unmatched,Unmatched filter rule
local rodent removal companies,Unmatched,Unmatched filter rule
maxxthor ec near me,Unmatched,Unmatched filter rule
molecatcher near me,Unmatched,Unmatched filter rule
mosquito elimination near me,Unmatched,Unmatched filter rule
mosquito eradicator near me,Unmatched,Unmatched filter rule
near me pest control services,Unmatched,Unmatched filter rule
odorous ant control near me,Unmatched,Unmatched filter rule
pest control at home near me,Unmatched,Unmatched filter rule
pest control for foxes near me,Unmatched,Unmatched filter rule
pest control near you,Unmatched,Unmatched filter rule
pest control services for lizards near me,Unmatched,Unmatched filter rule
pest control services near by me,Unmatched,Unmatched filter rule
pest extermination service near me,Unmatched,Unmatched filter rule
pest removal in my area,Unmatched,Unmatched filter rule
pestpop near me,Unmatched,Unmatched filter rule
premise termite price,Unmatched,Unmatched filter rule
professional flea removal near me,Unmatched,Unmatched filter rule
repairing termite damaged walls,Unmatched,Unmatched filter rule
reptile control services near me,Unmatched,Unmatched filter rule
safe pest control companies near me,Unmatched,Unmatched filter rule
silverfish control near me,Unmatched,Unmatched filter rule
sovereign pest control near me,Unmatched,Unmatched filter rule
spectracide termite stakes false positive,Unmatched,Unmatched filter rule
tata termite,Unmatched,Unmatched filter rule
termite companies around me,Unmatched,Unmatched filter rule
termite control normal,Unmatched,Unmatched filter rule
termite control termite inspection near me,Unmatched,Unmatched filter rule
termite control windsor,Unmatched,Unmatched filter rule
termite exterminator termite inspection near me,Unmatched,Unmatched filter rule
termite on wall treatment,Unmatched,Unmatched filter rule
termite treatment normal,Unmatched,Unmatched filter rule
termite treatment termite inspection near me,Unmatched,Unmatched filter rule
terro wasp and hornet killer near me,Unmatched,Unmatched filter rule
top rated pest control annandale,Unmatched,Unmatched filter rule
top ten pest control companies near me,Unmatched,Unmatched filter rule
vikane fumigation near me,Unmatched,Unmatched filter rule
wood infestation inspection near me,Unmatched,Unmatched filter rule
zevo bug killer near me,Unmatched,Unmatched filter rule
terminix pest & termite control,Unmatched,Unmatched filter rule
building and pest inspection near me,Unmatched,Unmatched filter rule
24 hour emergency pest control near me,Unmatched,Unmatched filter rule
24 hour pest control services near me,Unmatched,Unmatched filter rule
termite barrier cost,Unmatched,Unmatched filter rule
hulett pest control near me,Unmatched,Unmatched filter rule
rat company near me,Unmatched,Unmatched filter rule
bedbugs control services,Unmatched,Unmatched filter rule
24 hour bed bug exterminator near me,Unmatched,Unmatched filter rule
npma 33 pest inspection near me,Unmatched,Unmatched filter rule
termite inspection central coast,Unmatched,Unmatched filter rule
rat trappers near me,Unmatched,Unmatched filter rule
cheap mice exterminators near me,Unmatched,Unmatched filter rule
flick termite,Unmatched,Unmatched filter rule
fantastic services pest control,Unmatched,Unmatched filter rule
bug exterminator near me cost,Unmatched,Unmatched filter rule
mosquito defense near me,Unmatched,Unmatched filter rule
deemak control,Unmatched,Unmatched filter rule
eco friendly termite control near me,Unmatched,Unmatched filter rule
pestban near me,Unmatched,Unmatched filter rule
exterminator near me 24 hours,Unmatched,Unmatched filter rule
termite removal companies near me,Unmatched,Unmatched filter rule
spectracide terminate termite killing stakes,Unmatched,Unmatched filter rule
pest control for birds near me,Unmatched,Unmatched filter rule
attic pest removal service near me,Unmatched,Unmatched filter rule
possum pest control near me,Unmatched,Unmatched filter rule
critter exterminators near me,Unmatched,Unmatched filter rule
local pest experts,Unmatched,Unmatched filter rule
white ant treatment near me,Unmatched,Unmatched filter rule
local bee exterminators in my area,Unmatched,Unmatched filter rule
pest control pigeons near me,Unmatched,Unmatched filter rule
termite protection barrier,Unmatched,Unmatched filter rule
termite pest inspection near me,Unmatched,Unmatched filter rule
best pest control near me for bed bugs,Unmatched,Unmatched filter rule
carpet and pest control near me,Unmatched,Unmatched filter rule
nearest exterminator near me,Unmatched,Unmatched filter rule
orkin near me prices,Unmatched,Unmatched filter rule
pest control near by me,Unmatched,Unmatched filter rule
anti termite treatment near me,Unmatched,Unmatched filter rule
critter trapper near me,Unmatched,Unmatched filter rule
pest control birds near me,Unmatched,Unmatched filter rule
roof rat control near me,Unmatched,Unmatched filter rule
pest control near me for mosquitoes,Unmatched,Unmatched filter rule
nearest pest control to me,Unmatched,Unmatched filter rule
bark pest control,Unmatched,Unmatched filter rule
cheap exterminator for roaches near me,Unmatched,Unmatched filter rule
bug guys pest control near me,Unmatched,Unmatched filter rule
pest control mosquito near me,Unmatched,Unmatched filter rule
pest control near me for squirrels,Unmatched,Unmatched filter rule
rat killer service near me,Unmatched,Unmatched filter rule
organic termite control near me,Unmatched,Unmatched filter rule
lizard catcher near me,Unmatched,Unmatched filter rule
best fumigation company,Unmatched,Unmatched filter rule
house tenting for termites near me,Unmatched,Unmatched filter rule
best pest control near me for rats,Unmatched,Unmatched filter rule
cockroach pest control services near me,Unmatched,Unmatched filter rule
pest control natural near me,Unmatched,Unmatched filter rule
building and pest inspections near me,Unmatched,Unmatched filter rule
pest control near me birds,Unmatched,Unmatched filter rule
domestic pest control near me,Unmatched,Unmatched filter rule
pest control charges near me,Unmatched,Unmatched filter rule
termite pre treatment for new construction near me,Unmatched,Unmatched filter rule
stink bug pest control near me,Unmatched,Unmatched filter rule
cheap fumigation near me,Unmatched,Unmatched filter rule
tick and mosquito treatment near me,Unmatched,Unmatched filter rule
local pest control companies in my area,Unmatched,Unmatched filter rule
termite solutions pest control,Unmatched,Unmatched filter rule
wasp company near me,Unmatched,Unmatched filter rule
mice fumigation near me,Unmatched,Unmatched filter rule
in wall pest control near me,Unmatched,Unmatched filter rule
woodpecker pest control services near me,Unmatched,Unmatched filter rule
fly control services near me,Unmatched,Unmatched filter rule
vole control companies near me,Unmatched,Unmatched filter rule
pest control near me orkin,Unmatched,Unmatched filter rule
wood bee exterminator near me,Unmatched,Unmatched filter rule
home fumigation services near me,Unmatched,Unmatched filter rule
green pest control companies near me,Unmatched,Unmatched filter rule
vault fumigation near me,Unmatched,Unmatched filter rule
mice extermination companies near me,Unmatched,Unmatched filter rule
vermin pest control near me,Unmatched,Unmatched filter rule
trugreen pest control near me,Unmatched,Unmatched filter rule
insect specialist near me,Unmatched,Unmatched filter rule
exterminator for ticks near me,Unmatched,Unmatched filter rule
box elder bug removal near me,Unmatched,Unmatched filter rule
pet safe exterminators near me,Unmatched,Unmatched filter rule
pest control near to me,Unmatched,Unmatched filter rule
control pest control near me,Unmatched,Unmatched filter rule
pest control for carpenter bees near me,Unmatched,Unmatched filter rule
local termite inspection companies,Unmatched,Unmatched filter rule
exterminators bed bugs near me,Unmatched,Unmatched filter rule
pest control ticks near me,Unmatched,Unmatched filter rule
roach inspections near me,Unmatched,Unmatched filter rule
wasp and bee pest control near me,Unmatched,Unmatched filter rule
general pest control treatment,Unmatched,Unmatched filter rule
bed bug pest control companies near me,Unmatched,Unmatched filter rule
professional rat removal near me,Unmatched,Unmatched filter rule
moth removal service near me,Unmatched,Unmatched filter rule
bagworm exterminators near me,Unmatched,Unmatched filter rule
flying ant exterminator near me,Unmatched,Unmatched filter rule
removal of wasps nests near me,Unmatched,Unmatched filter rule
orkin pest control near my location,Unmatched,Unmatched filter rule
gopher exterminators in my area,Unmatched,Unmatched filter rule
24 hour critter removal near me,Unmatched,Unmatched filter rule
rentokil north america near me,Unmatched,Unmatched filter rule
industrial pest control services near me,Unmatched,Unmatched filter rule
allgood pest control near me,Unmatched,Unmatched filter rule
pest control for termites price,Unmatched,Unmatched filter rule
evergreen pest control near me,Unmatched,Unmatched filter rule
thermal pest control near me,Unmatched,Unmatched filter rule
bee spraying service near me,Unmatched,Unmatched filter rule
rodent removal in my area,Unmatched,Unmatched filter rule
near by pest control,Unmatched,Unmatched filter rule
drain flies exterminator near me,Unmatched,Unmatched filter rule
exterminateur near me,Unmatched,Unmatched filter rule
bird mite specialist near me,Unmatched,Unmatched filter rule
infestation control near me,Unmatched,Unmatched filter rule
roach exterminators in my area,Unmatched,Unmatched filter rule
gypsy moth spraying near me,Unmatched,Unmatched filter rule
pest killers near me,Unmatched,Unmatched filter rule
insecticide service near me,Unmatched,Unmatched filter rule
moth fumigation near me,Unmatched,Unmatched filter rule
thomas pest control near me,Unmatched,Unmatched filter rule
x terminator pest control near me,Unmatched,Unmatched filter rule
vermin catcher near me,Unmatched,Unmatched filter rule
orkin hours near me,Unmatched,Unmatched filter rule
mosquito mary's near me,Unmatched,Unmatched filter rule
pest control firms near me,Unmatched,Unmatched filter rule
batzner near me,Unmatched,Unmatched filter rule
exterminator near me for flies,Unmatched,Unmatched filter rule
mosquito pest control companies near me,Unmatched,Unmatched filter rule
deemak pest control,Unmatched,Unmatched filter rule
carpet moth treatment near me,Unmatched,Unmatched filter rule
gypsy moth exterminator near me,Unmatched,Unmatched filter rule
johnson pest control near me,Unmatched,Unmatched filter rule
lizard control services near me,Unmatched,Unmatched filter rule
pest control wasp nest near me,Unmatched,Unmatched filter rule
humane rat catcher near me,Unmatched,Unmatched filter rule
tenting for termites near me,Unmatched,Unmatched filter rule
pest control near me for home,Unmatched,Unmatched filter rule
closest pest control to me,Unmatched,Unmatched filter rule
exterminator near me for carpenter ants,Unmatched,Unmatched filter rule
s and s termite,Unmatched,Unmatched filter rule
bee gone pest control commercial,Unmatched,Unmatched filter rule
wood fumigation services near me,Unmatched,Unmatched filter rule
organic tick spraying near me,Unmatched,Unmatched filter rule
ladybird pest control,Unmatched,Unmatched filter rule
exterminator near me for stink bugs,Unmatched,Unmatched filter rule
quality affordable pest control,Unmatched,Unmatched filter rule
the specialist pest control,Unmatched,Unmatched filter rule
for cockroach pest control,Unmatched,Unmatched filter rule
gopher trapping service near me,Unmatched,Unmatched filter rule
wasp nest disposal near me,Unmatched,Unmatched filter rule
insect treatment companies near me,Unmatched,Unmatched filter rule
bed bug fumigation services near me,Unmatched,Unmatched filter rule
outdoor exterminators near me,Unmatched,Unmatched filter rule
economy pest control near me,Unmatched,Unmatched filter rule
natural ant exterminator near me,Unmatched,Unmatched filter rule
mosquito busters near me,Unmatched,Unmatched filter rule
natural termite control near me,Unmatched,Unmatched filter rule
pest inspection cost near me,Unmatched,Unmatched filter rule
pest control near me for carpenter bees,Unmatched,Unmatched filter rule
termite treatment at home price,Unmatched,Unmatched filter rule
pest control near me for ticks,Unmatched,Unmatched filter rule
pest control services for rats near me,Unmatched,Unmatched filter rule
rabbit exterminators near me,Unmatched,Unmatched filter rule
cheap exterminator for bed bugs near me,Unmatched,Unmatched filter rule
bedbugs treatment near me,Unmatched,Unmatched filter rule
kitchen pest control near me,Unmatched,Unmatched filter rule
exterminator wasp near me,Unmatched,Unmatched filter rule
cockroach killer gel near me,Unmatched,Unmatched filter rule
get rid of rats near me,Unmatched,Unmatched filter rule
bee prevention near me,Unmatched,Unmatched filter rule
terminator company near me,Unmatched,Unmatched filter rule
mosquito places near me,Unmatched,Unmatched filter rule
mosquito yard control near me,Unmatched,Unmatched filter rule
fly removal near me,Unmatched,Unmatched filter rule
all bugs pest control,Unmatched,Unmatched filter rule
chem wise near me,Unmatched,Unmatched filter rule
local bird removal services,Unmatched,Unmatched filter rule
closest exterminator to my location,Unmatched,Unmatched filter rule
termite treatment at home near me,Unmatched,Unmatched filter rule
exterminators near me for carpenter bees,Unmatched,Unmatched filter rule
press control services near me,Unmatched,Unmatched filter rule
local bee removal company,Unmatched,Unmatched filter rule
pest management professional near me,Unmatched,Unmatched filter rule
pest control services around me,Unmatched,Unmatched filter rule
pest control near me for lizards,Unmatched,Unmatched filter rule
pest shield near me,Unmatched,Unmatched filter rule
contractors termite,Unmatched,Unmatched filter rule
professional flea control near me,Unmatched,Unmatched filter rule
solution for termites at home,Unmatched,Unmatched filter rule
caterpillar exterminators near me,Unmatched,Unmatched filter rule
hi care termite,Unmatched,Unmatched filter rule
pallet fumigation services near me,Unmatched,Unmatched filter rule
exterminator for centipedes near me,Unmatched,Unmatched filter rule
wasp nest removal in my area,Unmatched,Unmatched filter rule
bird mite pest control near me,Unmatched,Unmatched filter rule
anay treatment near me,Unmatched,Unmatched filter rule
misting pest control,Unmatched,Unmatched filter rule
wildlife trapping company near me,Unmatched,Unmatched filter rule
pest control for red ants near me,Unmatched,Unmatched filter rule
best gopher control near me,Unmatched,Unmatched filter rule
licensed pest inspector near me,Unmatched,Unmatched filter rule
presto x pest control near me,Unmatched,Unmatched filter rule
surrender bug killer near me,Unmatched,Unmatched filter rule
udhai pest control,Unmatched,Unmatched filter rule
pest trapper near me,Unmatched,Unmatched filter rule
pest control point,Unmatched,Unmatched filter rule
springtail extermination near me,Unmatched,Unmatched filter rule
masonry bee removal near me,Unmatched,Unmatched filter rule
top 10 pest control near me,Unmatched,Unmatched filter rule
permanent solution for termites,Unmatched,Unmatched filter rule
flea treatment for home near me,Unmatched,Unmatched filter rule
chipmunk exterminators near me,Unmatched,Unmatched filter rule
pre construction termite treatment near me,Unmatched,Unmatched filter rule
green termite control,Unmatched,Unmatched filter rule
earwig control near me,Unmatched,Unmatched filter rule
permatreat near me,Unmatched,Unmatched filter rule
terminate pest control near me,Unmatched,Unmatched filter rule
gypsy moth treatment near me,Unmatched,Unmatched filter rule
wil kil pest control near me,Unmatched,Unmatched filter rule
perimeter pest control services near me,Unmatched,Unmatched filter rule
anti termite near me,Unmatched,Unmatched filter rule
hired killers near me,Unmatched,Unmatched filter rule
spraying for gypsy moths near me,Unmatched,Unmatched filter rule
commercial pest management near me,Unmatched,Unmatched filter rule
steritech pest control near me,Unmatched,Unmatched filter rule
bug control in my area,Unmatched,Unmatched filter rule
fastrac blox near me,Unmatched,Unmatched filter rule
anay control,Unmatched,Unmatched filter rule
millipede pest control near me,Unmatched,Unmatched filter rule
ace exterminating near me,Unmatched,Unmatched filter rule
ant pest control services near me,Unmatched,Unmatched filter rule
ant removal companies near me,Unmatched,Unmatched filter rule
bayer pest control near me,Unmatched,Unmatched filter rule
bed bug control companies near me,Unmatched,Unmatched filter rule
beetle control near me,Unmatched,Unmatched filter rule
best mosquito exterminator near me,Unmatched,Unmatched filter rule
biological control of termites,Unmatched,Unmatched filter rule
bird mite exterminators near me,Unmatched,Unmatched filter rule
bt pesticide near me,Unmatched,Unmatched filter rule
bumble bee control near me,Unmatched,Unmatched filter rule
centipede removal near me,Unmatched,Unmatched filter rule
central exterminating near me,Unmatched,Unmatched filter rule
cheap exterminator for mice near me,Unmatched,Unmatched filter rule
cicada killer wasp exterminator near me,Unmatched,Unmatched filter rule
cockroach gel near me,Unmatched,Unmatched filter rule
cockroach infestation near me,Unmatched,Unmatched filter rule
covid fumigation services near me,Unmatched,Unmatched filter rule
dixon pest control near me,Unmatched,Unmatched filter rule
eco bed bug exterminator near me,Unmatched,Unmatched filter rule
eco bed bug exterminators near me,Unmatched,Unmatched filter rule
ecosmart ant and roach killer near me,Unmatched,Unmatched filter rule
exterminator prices for mice near me,Unmatched,Unmatched filter rule
fire ant removal near me,Unmatched,Unmatched filter rule
fumigation services for covid near me,Unmatched,Unmatched filter rule
fumigation team near me,Unmatched,Unmatched filter rule
gnat nix near me,Unmatched,Unmatched filter rule
gypsy moth control near me,Unmatched,Unmatched filter rule
honey bee exterminators near me,Unmatched,Unmatched filter rule
house and home pest control,Unmatched,Unmatched filter rule
insect expert near me,Unmatched,Unmatched filter rule
invict gold cockroach gel near me,Unmatched,Unmatched filter rule
lentrek termite,Unmatched,Unmatched filter rule
local rodent removal companies,Unmatched,Unmatched filter rule
maxxthor ec near me,Unmatched,Unmatched filter rule
molecatcher near me,Unmatched,Unmatched filter rule
mosquito elimination near me,Unmatched,Unmatched filter rule
mosquito eradicator near me,Unmatched,Unmatched filter rule
near me pest control services,Unmatched,Unmatched filter rule
odorous ant control near me,Unmatched,Unmatched filter rule
pest control at home near me,Unmatched,Unmatched filter rule
pest control for foxes near me,Unmatched,Unmatched filter rule
pest control near you,Unmatched,Unmatched filter rule
pest control services for lizards near me,Unmatched,Unmatched filter rule
pest control services near by me,Unmatched,Unmatched filter rule
pest extermination service near me,Unmatched,Unmatched filter rule
pest removal in my area,Unmatched,Unmatched filter rule
pestpop near me,Unmatched,Unmatched filter rule
premise termite price,Unmatched,Unmatched filter rule
professional flea removal near me,Unmatched,Unmatched filter rule
repairing termite damaged walls,Unmatched,Unmatched filter rule
reptile control services near me,Unmatched,Unmatched filter rule
safe pest control companies near me,Unmatched,Unmatched filter rule
silverfish control near me,Unmatched,Unmatched filter rule
sovereign pest control near me,Unmatched,Unmatched filter rule
spectracide termite stakes false positive,Unmatched,Unmatched filter rule
tata termite,Unmatched,Unmatched filter rule
termite companies around me,Unmatched,Unmatched filter rule
termite control normal,Unmatched,Unmatched filter rule
termite control termite inspection near me,Unmatched,Unmatched filter rule
termite control windsor,Unmatched,Unmatched filter rule
termite exterminator termite inspection near me,Unmatched,Unmatched filter rule
termite on wall treatment,Unmatched,Unmatched filter rule
termite treatment normal,Unmatched,Unmatched filter rule
termite treatment termite inspection near me,Unmatched,Unmatched filter rule
terro wasp and hornet killer near me,Unmatched,Unmatched filter rule
top rated pest control annandale,Unmatched,Unmatched filter rule
top ten pest control companies near me,Unmatched,Unmatched filter rule
vikane fumigation near me,Unmatched,Unmatched filter rule
wood infestation inspection near me,Unmatched,Unmatched filter rule
zevo bug killer near me,Unmatched,Unmatched filter rule
terminix pest & termite control,Unmatched,Unmatched filter rule
building and pest inspection near me,Unmatched,Unmatched filter rule
24 hour emergency pest control near me,Unmatched,Unmatched filter rule
24 hour pest control services near me,Unmatched,Unmatched filter rule
termite barrier cost,Unmatched,Unmatched filter rule
hulett pest control near me,Unmatched,Unmatched filter rule
rat company near me,Unmatched,Unmatched filter rule
bedbugs control services,Unmatched,Unmatched filter rule
24 hour bed bug exterminator near me,Unmatched,Unmatched filter rule
npma 33 pest inspection near me,Unmatched,Unmatched filter rule
termite inspection central coast,Unmatched,Unmatched filter rule
rat trappers near me,Unmatched,Unmatched filter rule
cheap mice exterminators near me,Unmatched,Unmatched filter rule
flick termite,Unmatched,Unmatched filter rule
fantastic services pest control,Unmatched,Unmatched filter rule
bug exterminator near me cost,Unmatched,Unmatched filter rule
mosquito defense near me,Unmatched,Unmatched filter rule
deemak control,Unmatched,Unmatched filter rule
eco friendly termite control near me,Unmatched,Unmatched filter rule
pestban near me,Unmatched,Unmatched filter rule
exterminator near me 24 hours,Unmatched,Unmatched filter rule
termite removal companies near me,Unmatched,Unmatched filter rule
spectracide terminate termite killing stakes,Unmatched,Unmatched filter rule
pest control for birds near me,Unmatched,Unmatched filter rule
attic pest removal service near me,Unmatched,Unmatched filter rule
possum pest control near me,Unmatched,Unmatched filter rule
critter exterminators near me,Unmatched,Unmatched filter rule
local pest experts,Unmatched,Unmatched filter rule
white ant treatment near me,Unmatched,Unmatched filter rule
local bee exterminators in my area,Unmatched,Unmatched filter rule
pest control pigeons near me,Unmatched,Unmatched filter rule
termite protection barrier,Unmatched,Unmatched filter rule
termite pest inspection near me,Unmatched,Unmatched filter rule
best pest control near me for bed bugs,Unmatched,Unmatched filter rule
carpet and pest control near me,Unmatched,Unmatched filter rule
nearest exterminator near me,Unmatched,Unmatched filter rule
orkin near me prices,Unmatched,Unmatched filter rule
pest control near by me,Unmatched,Unmatched filter rule
anti termite treatment near me,Unmatched,Unmatched filter rule
critter trapper near me,Unmatched,Unmatched filter rule
pest control birds near me,Unmatched,Unmatched filter rule
roof rat control near me,Unmatched,Unmatched filter rule
pest control near me for mosquitoes,Unmatched,Unmatched filter rule
nearest pest control to me,Unmatched,Unmatched filter rule
bark pest control,Unmatched,Unmatched filter rule
cheap exterminator for roaches near me,Unmatched,Unmatched filter rule
bug guys pest control near me,Unmatched,Unmatched filter rule
pest control mosquito near me,Unmatched,Unmatched filter rule
pest control near me for squirrels,Unmatched,Unmatched filter rule
rat killer service near me,Unmatched,Unmatched filter rule
organic termite control near me,Unmatched,Unmatched filter rule
lizard catcher near me,Unmatched,Unmatched filter rule
best fumigation company,Unmatched,Unmatched filter rule
house tenting for termites near me,Unmatched,Unmatched filter rule
best pest control near me for rats,Unmatched,Unmatched filter rule
cockroach pest control services near me,Unmatched,Unmatched filter rule
pest control natural near me,Unmatched,Unmatched filter rule
building and pest inspections near me,Unmatched,Unmatched filter rule
pest control near me birds,Unmatched,Unmatched filter rule
domestic pest control near me,Unmatched,Unmatched filter rule
pest control charges near me,Unmatched,Unmatched filter rule
termite pre treatment for new construction near me,Unmatched,Unmatched filter rule
stink bug pest control near me,Unmatched,Unmatched filter rule
cheap fumigation near me,Unmatched,Unmatched filter rule
tick and mosquito treatment near me,Unmatched,Unmatched filter rule
local pest control companies in my area,Unmatched,Unmatched filter rule
termite solutions pest control,Unmatched,Unmatched filter rule
wasp company near me,Unmatched,Unmatched filter rule
mice fumigation near me,Unmatched,Unmatched filter rule
in wall pest control near me,Unmatched,Unmatched filter rule
woodpecker pest control services near me,Unmatched,Unmatched filter rule
fly control services near me,Unmatched,Unmatched filter rule
vole control companies near me,Unmatched,Unmatched filter rule
pest control near me orkin,Unmatched,Unmatched filter rule
wood bee exterminator near me,Unmatched,Unmatched filter rule
home fumigation services near me,Unmatched,Unmatched filter rule
green pest control companies near me,Unmatched,Unmatched filter rule
vault fumigation near me,Unmatched,Unmatched filter rule
mice extermination companies near me,Unmatched,Unmatched filter rule
vermin pest control near me,Unmatched,Unmatched filter rule
trugreen pest control near me,Unmatched,Unmatched filter rule
insect specialist near me,Unmatched,Unmatched filter rule
exterminator for ticks near me,Unmatched,Unmatched filter rule
box elder bug removal near me,Unmatched,Unmatched filter rule
pet safe exterminators near me,Unmatched,Unmatched filter rule
pest control near to me,Unmatched,Unmatched filter rule
control pest control near me,Unmatched,Unmatched filter rule
pest control for carpenter bees near me,Unmatched,Unmatched filter rule
local termite inspection companies,Unmatched,Unmatched filter rule
exterminators bed bugs near me,Unmatched,Unmatched filter rule
pest control ticks near me,Unmatched,Unmatched filter rule
roach inspections near me,Unmatched,Unmatched filter rule
wasp and bee pest control near me,Unmatched,Unmatched filter rule
general pest control treatment,Unmatched,Unmatched filter rule
bed bug pest control companies near me,Unmatched,Unmatched filter rule
professional rat removal near me,Unmatched,Unmatched filter rule
moth removal service near me,Unmatched,Unmatched filter rule
bagworm exterminators near me,Unmatched,Unmatched filter rule
flying ant exterminator near me,Unmatched,Unmatched filter rule
removal of wasps nests near me,Unmatched,Unmatched filter rule
orkin pest control near my location,Unmatched,Unmatched filter rule
gopher exterminators in my area,Unmatched,Unmatched filter rule
24 hour critter removal near me,Unmatched,Unmatched filter rule
rentokil north america near me,Unmatched,Unmatched filter rule
industrial pest control services near me,Unmatched,Unmatched filter rule
allgood pest control near me,Unmatched,Unmatched filter rule
pest control for termites price,Unmatched,Unmatched filter rule
evergreen pest control near me,Unmatched,Unmatched filter rule
thermal pest control near me,Unmatched,Unmatched filter rule
bee spraying service near me,Unmatched,Unmatched filter rule
rodent removal in my area,Unmatched,Unmatched filter rule
near by pest control,Unmatched,Unmatched filter rule
drain flies exterminator near me,Unmatched,Unmatched filter rule
exterminateur near me,Unmatched,Unmatched filter rule
bird mite specialist near me,Unmatched,Unmatched filter rule
infestation control near me,Unmatched,Unmatched filter rule
roach exterminators in my area,Unmatched,Unmatched filter rule
gypsy moth spraying near me,Unmatched,Unmatched filter rule
pest killers near me,Unmatched,Unmatched filter rule
insecticide service near me,Unmatched,Unmatched filter rule
moth fumigation near me,Unmatched,Unmatched filter rule
thomas pest control near me,Unmatched,Unmatched filter rule
x terminator pest control near me,Unmatched,Unmatched filter rule
vermin catcher near me,Unmatched,Unmatched filter rule
orkin hours near me,Unmatched,Unmatched filter rule
mosquito mary's near me,Unmatched,Unmatched filter rule
pest control firms near me,Unmatched,Unmatched filter rule
batzner near me,Unmatched,Unmatched filter rule
exterminator near me for flies,Unmatched,Unmatched filter rule
mosquito pest control companies near me,Unmatched,Unmatched filter rule
deemak pest control,Unmatched,Unmatched filter rule
carpet moth treatment near me,Unmatched,Unmatched filter rule
gypsy moth exterminator near me,Unmatched,Unmatched filter rule
johnson pest control near me,Unmatched,Unmatched filter rule
lizard control services near me,Unmatched,Unmatched filter rule
pest control wasp nest near me,Unmatched,Unmatched filter rule
humane rat catcher near me,Unmatched,Unmatched filter rule
tenting for termites near me,Unmatched,Unmatched filter rule
pest control near me for home,Unmatched,Unmatched filter rule
closest pest control to me,Unmatched,Unmatched filter rule
exterminator near me for carpenter ants,Unmatched,Unmatched filter rule
s and s termite,Unmatched,Unmatched filter rule
bee gone pest control commercial,Unmatched,Unmatched filter rule
wood fumigation services near me,Unmatched,Unmatched filter rule
organic tick spraying near me,Unmatched,Unmatched filter rule
ladybird pest control,Unmatched,Unmatched filter rule
exterminator near me for stink bugs,Unmatched,Unmatched filter rule
quality affordable pest control,Unmatched,Unmatched filter rule
the specialist pest control,Unmatched,Unmatched filter rule
for cockroach pest control,Unmatched,Unmatched filter rule
gopher trapping service near me,Unmatched,Unmatched filter rule
wasp nest disposal near me,Unmatched,Unmatched filter rule
insect treatment companies near me,Unmatched,Unmatched filter rule
bed bug fumigation services near me,Unmatched,Unmatched filter rule
outdoor exterminators near me,Unmatched,Unmatched filter rule
economy pest control near me,Unmatched,Unmatched filter rule
natural ant exterminator near me,Unmatched,Unmatched filter rule
mosquito busters near me,Unmatched,Unmatched filter rule
natural termite control near me,Unmatched,Unmatched filter rule
pest inspection cost near me,Unmatched,Unmatched filter rule
pest control near me for carpenter bees,Unmatched,Unmatched filter rule
termite treatment at home price,Unmatched,Unmatched filter rule
pest control near me for ticks,Unmatched,Unmatched filter rule
pest control services for rats near me,Unmatched,Unmatched filter rule
rabbit exterminators near me,Unmatched,Unmatched filter rule
cheap exterminator for bed bugs near me,Unmatched,Unmatched filter rule
bedbugs treatment near me,Unmatched,Unmatched filter rule
kitchen pest control near me,Unmatched,Unmatched filter rule
exterminator wasp near me,Unmatched,Unmatched filter rule
cockroach killer gel near me,Unmatched,Unmatched filter rule
get rid of rats near me,Unmatched,Unmatched filter rule
bee prevention near me,Unmatched,Unmatched filter rule
terminator company near me,Unmatched,Unmatched filter rule
mosquito places near me,Unmatched,Unmatched filter rule
mosquito yard control near me,Unmatched,Unmatched filter rule
fly removal near me,Unmatched,Unmatched filter rule
all bugs pest control,Unmatched,Unmatched filter rule
chem wise near me,Unmatched,Unmatched filter rule
local bird removal services,Unmatched,Unmatched filter rule
closest exterminator to my location,Unmatched,Unmatched filter rule
termite treatment at home near me,Unmatched,Unmatched filter rule
exterminators near me for carpenter bees,Unmatched,Unmatched filter rule
press control services near me,Unmatched,Unmatched filter rule
local bee removal company,Unmatched,Unmatched filter rule
pest management professional near me,Unmatched,Unmatched filter rule
pest control services around me,Unmatched,Unmatched filter rule
pest control near me for lizards,Unmatched,Unmatched filter rule
pest shield near me,Unmatched,Unmatched filter rule
contractors termite,Unmatched,Unmatched filter rule
professional flea control near me,Unmatched,Unmatched filter rule
solution for termites at home,Unmatched,Unmatched filter rule
caterpillar exterminators near me,Unmatched,Unmatched filter rule
hi care termite,Unmatched,Unmatched filter rule
pallet fumigation services near me,Unmatched,Unmatched filter rule
exterminator for centipedes near me,Unmatched,Unmatched filter rule
wasp nest removal in my area,Unmatched,Unmatched filter rule
bird mite pest control near me,Unmatched,Unmatched filter rule
anay treatment near me,Unmatched,Unmatched filter rule
misting pest control,Unmatched,Unmatched filter rule
wildlife trapping company near me,Unmatched,Unmatched filter rule
pest control for red ants near me,Unmatched,Unmatched filter rule
best gopher control near me,Unmatched,Unmatched filter rule
licensed pest inspector near me,Unmatched,Unmatched filter rule
presto x pest control near me,Unmatched,Unmatched filter rule
surrender bug killer near me,Unmatched,Unmatched filter rule
udhai pest control,Unmatched,Unmatched filter rule
pest trapper near me,Unmatched,Unmatched filter rule
pest control point,Unmatched,Unmatched filter rule
springtail extermination near me,Unmatched,Unmatched filter rule
masonry bee removal near me,Unmatched,Unmatched filter rule
top 10 pest control near me,Unmatched,Unmatched filter rule
permanent solution for termites,Unmatched,Unmatched filter rule
flea treatment for home near me,Unmatched,Unmatched filter rule
chipmunk exterminators near me,Unmatched,Unmatched filter rule
pre construction termite treatment near me,Unmatched,Unmatched filter rule
green termite control,Unmatched,Unmatched filter rule
earwig control near me,Unmatched,Unmatched filter rule
permatreat near me,Unmatched,Unmatched filter rule
terminate pest control near me,Unmatched,Unmatched filter rule
gypsy moth treatment near me,Unmatched,Unmatched filter rule
wil kil pest control near me,Unmatched,Unmatched filter rule
perimeter pest control services near me,Unmatched,Unmatched filter rule
anti termite near me,Unmatched,Unmatched filter rule
hired killers near me,Unmatched,Unmatched filter rule
spraying for gypsy moths near me,Unmatched,Unmatched filter rule
commercial pest management near me,Unmatched,Unmatched filter rule
steritech pest control near me,Unmatched,Unmatched filter rule
bug control in my area,Unmatched,Unmatched filter rule
fastrac blox near me,Unmatched,Unmatched filter rule
anay control,Unmatched,Unmatched filter rule
millipede pest control near me,Unmatched,Unmatched filter rule
ace exterminating near me,Unmatched,Unmatched filter rule
ant pest control services near me,Unmatched,Unmatched filter rule
ant removal companies near me,Unmatched,Unmatched filter rule
bayer pest control near me,Unmatched,Unmatched filter rule
bed bug control companies near me,Unmatched,Unmatched filter rule
beetle control near me,Unmatched,Unmatched filter rule
best mosquito exterminator near me,Unmatched,Unmatched filter rule
biological control of termites,Unmatched,Unmatched filter rule
bird mite exterminators near me,Unmatched,Unmatched filter rule
bt pesticide near me,Unmatched,Unmatched filter rule
bumble bee control near me,Unmatched,Unmatched filter rule
centipede removal near me,Unmatched,Unmatched filter rule
central exterminating near me,Unmatched,Unmatched filter rule
cheap exterminator for mice near me,Unmatched,Unmatched filter rule
cicada killer wasp exterminator near me,Unmatched,Unmatched filter rule
cockroach gel near me,Unmatched,Unmatched filter rule
cockroach infestation near me,Unmatched,Unmatched filter rule
covid fumigation services near me,Unmatched,Unmatched filter rule
dixon pest control near me,Unmatched,Unmatched filter rule
eco bed bug exterminator near me,Unmatched,Unmatched filter rule
eco bed bug exterminators near me,Unmatched,Unmatched filter rule
ecosmart ant and roach killer near me,Unmatched,Unmatched filter rule
exterminator prices for mice near me,Unmatched,Unmatched filter rule
fire ant removal near me,Unmatched,Unmatched filter rule
fumigation services for covid near me,Unmatched,Unmatched filter rule
fumigation team near me,Unmatched,Unmatched filter rule
gnat nix near me,Unmatched,Unmatched filter rule
gypsy moth control near me,Unmatched,Unmatched filter rule
honey bee exterminators near me,Unmatched,Unmatched filter rule
house and home pest control,Unmatched,Unmatched filter rule
insect expert near me,Unmatched,Unmatched filter rule
invict gold cockroach gel near me,Unmatched,Unmatched filter rule
lentrek termite,Unmatched,Unmatched filter rule
local rodent removal companies,Unmatched,Unmatched filter rule
maxxthor ec near me,Unmatched,Unmatched filter rule
molecatcher near me,Unmatched,Unmatched filter rule
mosquito elimination near me,Unmatched,Unmatched filter rule
mosquito eradicator near me,Unmatched,Unmatched filter rule
near me pest control services,Unmatched,Unmatched filter rule
odorous ant control near me,Unmatched,Unmatched filter rule
pest control at home near me,Unmatched,Unmatched filter rule
pest control for foxes near me,Unmatched,Unmatched filter rule
pest control near you,Unmatched,Unmatched filter rule
pest control services for lizards near me,Unmatched,Unmatched filter rule
pest control services near by me,Unmatched,Unmatched filter rule
pest extermination service near me,Unmatched,Unmatched filter rule
pest removal in my area,Unmatched,Unmatched filter rule
pestpop near me,Unmatched,Unmatched filter rule
premise termite price,Unmatched,Unmatched filter rule
professional flea removal near me,Unmatched,Unmatched filter rule
repairing termite damaged walls,Unmatched,Unmatched filter rule
reptile control services near me,Unmatched,Unmatched filter rule
safe pest control companies near me,Unmatched,Unmatched filter rule
silverfish control near me,Unmatched,Unmatched filter rule
sovereign pest control near me,Unmatched,Unmatched filter rule
spectracide termite stakes false positive,Unmatched,Unmatched filter rule
tata termite,Unmatched,Unmatched filter rule
termite companies around me,Unmatched,Unmatched filter rule
termite control normal,Unmatched,Unmatched filter rule
termite control termite inspection near me,Unmatched,Unmatched filter rule
termite control windsor,Unmatched,Unmatched filter rule
termite exterminator termite inspection near me,Unmatched,Unmatched filter rule
termite on wall treatment,Unmatched,Unmatched filter rule
termite treatment normal,Unmatched,Unmatched filter rule
termite treatment termite inspection near me,Unmatched,Unmatched filter rule
terro wasp and hornet killer near me,Unmatched,Unmatched filter rule
top rated pest control annandale,Unmatched,Unmatched filter rule
top ten pest control companies near me,Unmatched,Unmatched filter rule
vikane fumigation near me,Unmatched,Unmatched filter rule
wood infestation inspection near me,Unmatched,Unmatched filter rule
zevo bug killer near me,Unmatched,Unmatched filter rule
